-- phpMyAdmin SQL Dump
-- version 5.0.1
-- https://www.phpmyadmin.net/
--
-- Host: 127.0.0.1
-- Tempo de geração: 17-Maio-2022 às 22:22
-- Versão do servidor: 10.4.11-MariaDB
-- versão do PHP: 7.4.3

SET SQL_MODE = "NO_AUTO_VALUE_ON_ZERO";
SET AUTOCOMMIT = 0;
START TRANSACTION;
SET time_zone = "+00:00";


/*!40101 SET @OLD_CHARACTER_SET_CLIENT=@@CHARACTER_SET_CLIENT */;
/*!40101 SET @OLD_CHARACTER_SET_RESULTS=@@CHARACTER_SET_RESULTS */;
/*!40101 SET @OLD_COLLATION_CONNECTION=@@COLLATION_CONNECTION */;
/*!40101 SET NAMES utf8mb4 */;

--
-- Banco de dados: `_mycontrol_v4`
--

-- --------------------------------------------------------

--
-- Estrutura da tabela `alunos`
--

CREATE TABLE `alunos` (
  `id` int(11) NOT NULL,
  `matricula` varchar(300) NOT NULL,
  `cpf` varchar(11) DEFAULT NULL,
  `nome` varchar(300) NOT NULL,
  `email` varchar(50) DEFAULT NULL,
  `img_path` varchar(300) DEFAULT NULL
) ENGINE=InnoDB DEFAULT CHARSET=utf8;

--
-- Extraindo dados da tabela `alunos`
--

INSERT INTO `alunos` (`id`, `matricula`, `cpf`, `nome`, `email`, `img_path`) VALUES
(1, '000001', '24486139070', 'Lucas Dinis Souza', 'lucas.souza@aluno.mycontrol.com.br', 'lucas_souza.jpg'),
(2, '000002', '82736336089', 'Daniel Sá Chousa', 'daniel.chousa@aluno.mycontrol.com.br', 'daniel_chousa.jpg'),
(3, '000003', '45334520007', 'Noé Valadim Urias', 'noe.urias@aluno.mycontrol.com.br', 'noe_urias.jpg'),
(4, '000004', '64024391003', 'Leonardo Caeiro Bilhalva', 'leonardo.bilhalva@aluno.mycontrol.com.br', 'leonardo_bilhalva.jpg'),
(5, '000005', '49993599018', 'Riana Bouça Gentil', 'riana.gentil@aluno.mycontrol.com.br', 'riana_gentil.jpg'),
(6, '000006', '2428293095', 'Laryssa Picão Fontes', 'laryssa.fontes@aluno.mycontrol.com.br', 'laryssa_fontes.jpg'),
(7, '000007', '67416976081', 'Briana Aguiar Cunha', 'briana.cunha@aluno.mycontrol.com.br', 'briana_cunha.jpg'),
(8, '000008', '55012620020', 'Michael Aquino Sampaio', 'michael.sampaio@aluno.mycontrol.com.br', 'michael_sampaio.jpg'),
(9, '000009', '20257058087', 'Giulia Boeira Campelo', 'giulia.campelo@aluno.mycontrol.com.br', 'giulia_campelo.jpg'),
(10, '000010', '68912468065', 'Anabel Cedraz Albuquerque', 'anabel.albuquerque@aluno.mycontrol.com.br', 'anabel_albuquerque.jpg');

-- --------------------------------------------------------

--
-- Estrutura da tabela `alunoxresponsavel`
--

CREATE TABLE `alunoxresponsavel` (
  `id` int(11) NOT NULL,
  `idaluno` int(11) NOT NULL,
  `idresponsavel` int(11) NOT NULL
) ENGINE=InnoDB DEFAULT CHARSET=utf8;

--
-- Extraindo dados da tabela `alunoxresponsavel`
--

INSERT INTO `alunoxresponsavel` (`id`, `idaluno`, `idresponsavel`) VALUES
(201, 1, 101),
(202, 1, 111),
(203, 2, 102),
(204, 2, 112),
(205, 3, 103),
(206, 3, 113),
(207, 4, 104),
(208, 4, 114),
(209, 5, 105),
(210, 5, 115),
(211, 6, 106),
(212, 6, 116),
(213, 7, 107),
(214, 7, 117),
(215, 8, 108),
(216, 8, 118),
(217, 9, 109),
(218, 9, 119),
(219, 10, 110),
(220, 10, 120);

-- --------------------------------------------------------

--
-- Estrutura da tabela `config_email`
--

CREATE TABLE `config_email` (
  `id` int(11) NOT NULL,
  `host` varchar(200) NOT NULL,
  `porta` varchar(8) NOT NULL,
  `usuario` varchar(200) NOT NULL,
  `senha` varchar(255) NOT NULL
) ENGINE=InnoDB DEFAULT CHARSET=utf8;

--
-- Extraindo dados da tabela `config_email`
--

INSERT INTO `config_email` (`id`, `host`, `porta`, `usuario`, `senha`) VALUES
(1, 'mycontrol', '587', 'mycontrol', '!@&*(¨!@&*!271672671$');

-- --------------------------------------------------------

--
-- Estrutura da tabela `config_sistema`
--

CREATE TABLE `config_sistema` (
  `id` int(30) NOT NULL,
  `nome` varchar(200) NOT NULL,
  `email` varchar(200) NOT NULL,
  `contato` varchar(20) NOT NULL,
  `img_path` varchar(300) NOT NULL,
  `sobre` text NOT NULL
) ENGINE=InnoDB DEFAULT CHARSET=utf8;

--
-- Extraindo dados da tabela `config_sistema`
--

INSERT INTO `config_sistema` (`id`, `nome`, `email`, `contato`, `img_path`, `sobre`) VALUES
(1, 'myControl - Controle Escolar', 'bthiagos@gmail.com', '+5521970027164', '', '');

-- --------------------------------------------------------

--
-- Estrutura da tabela `redefine_senha_temp`
--

CREATE TABLE `redefine_senha_temp` (
  `email` varchar(250) NOT NULL,
  `chave` varchar(250) NOT NULL,
  `data_criacao` datetime NOT NULL
) ENGINE=InnoDB DEFAULT CHARSET=utf8;

--
-- Extraindo dados da tabela `redefine_senha_temp`
--

INSERT INTO `redefine_senha_temp` (`email`, `chave`, `data_criacao`) VALUES
('bthiagos@gmail.com', 'd0a0a53fa62c867e1381934d8ffad7a7', '2021-11-10 13:21:37');

-- --------------------------------------------------------

--
-- Estrutura da tabela `registros`
--

CREATE TABLE `registros` (
  `id` int(11) NOT NULL,
  `tipo` varchar(100) CHARACTER SET utf8 NOT NULL,
  `idaluno` int(11) NOT NULL,
  `tipo_registro` tinyint(1) NOT NULL,
  `data_criacao` datetime NOT NULL DEFAULT current_timestamp()
) ENGINE=InnoDB DEFAULT CHARSET=utf8mb4;

--
-- Extraindo dados da tabela `registros`
--

INSERT INTO `registros` (`id`, `tipo`, `idaluno`, `tipo_registro`, `data_criacao`) VALUES
(1, 'aluno', 1, 1, '2022-02-01 07:00:01'),
(2, 'aluno', 2, 1, '2022-02-01 07:01:02'),
(3, 'aluno', 3, 1, '2022-02-01 07:02:11'),
(4, 'aluno', 4, 1, '2022-02-01 07:03:21'),
(5, 'aluno', 5, 1, '2022-02-01 07:04:32'),
(6, 'aluno', 6, 1, '2022-02-01 07:05:13'),
(7, 'aluno', 7, 1, '2022-02-01 07:06:41'),
(8, 'aluno', 8, 1, '2022-02-01 07:07:22'),
(9, 'aluno', 9, 1, '2022-02-01 07:08:17'),
(10, 'aluno', 10, 1, '2022-02-01 07:09:51'),
(11, 'aluno', 1, 2, '2022-02-01 12:00:01'),
(12, 'aluno', 2, 2, '2022-02-01 12:01:02'),
(13, 'aluno', 3, 2, '2022-02-01 12:02:11'),
(14, 'aluno', 4, 2, '2022-02-01 12:03:21'),
(15, 'aluno', 5, 2, '2022-02-01 12:04:32'),
(16, 'aluno', 6, 2, '2022-02-01 11:55:13'),
(17, 'aluno', 7, 2, '2022-02-01 11:56:41'),
(18, 'aluno', 8, 2, '2022-02-01 11:57:22'),
(19, 'aluno', 9, 2, '2022-02-01 11:58:17'),
(20, 'aluno', 10, 2, '2022-02-01 11:59:51'),
(579, 'aluno', 1, 1, '2022-02-02 07:00:09'),
(580, 'aluno', 2, 1, '2022-02-02 07:10:09'),
(581, 'aluno', 3, 1, '2022-02-02 07:03:09'),
(582, 'aluno', 4, 1, '2022-02-02 07:05:09'),
(583, 'aluno', 5, 1, '2022-02-02 07:06:09'),
(584, 'aluno', 6, 1, '2022-02-02 07:11:09'),
(585, 'aluno', 7, 1, '2022-02-02 07:12:09'),
(586, 'aluno', 8, 1, '2022-02-02 07:08:09'),
(587, 'aluno', 9, 1, '2022-02-02 07:01:09'),
(588, 'aluno', 10, 1, '2022-02-02 12:14:09'),
(589, 'aluno', 1, 2, '2022-02-02 12:00:09'),
(590, 'aluno', 2, 2, '2022-02-02 12:10:09'),
(591, 'aluno', 3, 2, '2022-02-02 12:03:09'),
(592, 'aluno', 4, 2, '2022-02-02 12:05:09'),
(593, 'aluno', 5, 2, '2022-02-02 13:06:09'),
(594, 'aluno', 6, 2, '2022-02-02 13:11:09'),
(595, 'aluno', 7, 2, '2022-02-02 12:12:09'),
(596, 'aluno', 8, 2, '2022-02-02 12:08:09'),
(597, 'aluno', 9, 2, '2022-02-02 13:01:09'),
(598, 'aluno', 10, 2, '2022-02-02 13:14:09'),
(599, 'aluno', 1, 1, '2022-02-03 07:00:09'),
(600, 'aluno', 2, 1, '2022-02-03 07:10:09'),
(601, 'aluno', 3, 1, '2022-02-03 07:03:09'),
(602, 'aluno', 4, 1, '2022-02-03 07:05:09'),
(603, 'aluno', 5, 1, '2022-02-03 07:06:09'),
(604, 'aluno', 6, 1, '2022-02-03 07:11:09'),
(605, 'aluno', 7, 1, '2022-02-03 07:12:09'),
(606, 'aluno', 8, 1, '2022-02-03 07:08:09'),
(607, 'aluno', 9, 1, '2022-02-03 07:01:09'),
(608, 'aluno', 10, 1, '2022-02-03 12:14:09'),
(609, 'aluno', 1, 2, '2022-02-03 12:00:09'),
(610, 'aluno', 2, 2, '2022-02-03 12:10:09'),
(611, 'aluno', 3, 2, '2022-02-03 12:03:09'),
(612, 'aluno', 4, 2, '2022-02-03 12:05:09'),
(613, 'aluno', 5, 2, '2022-02-03 13:06:09'),
(614, 'aluno', 6, 2, '2022-02-03 13:11:09'),
(615, 'aluno', 7, 2, '2022-02-03 12:12:09'),
(616, 'aluno', 8, 2, '2022-02-03 12:08:09'),
(617, 'aluno', 9, 2, '2022-02-03 13:01:09'),
(618, 'aluno', 10, 2, '2022-02-03 13:14:09'),
(619, 'aluno', 1, 1, '2022-02-04 07:00:09'),
(620, 'aluno', 2, 1, '2022-02-04 07:10:09'),
(621, 'aluno', 3, 1, '2022-02-04 07:03:09'),
(622, 'aluno', 4, 1, '2022-02-04 07:05:09'),
(623, 'aluno', 5, 1, '2022-02-04 07:06:09'),
(624, 'aluno', 6, 1, '2022-02-04 07:11:09'),
(625, 'aluno', 7, 1, '2022-02-04 07:12:09'),
(626, 'aluno', 8, 1, '2022-02-04 07:08:09'),
(627, 'aluno', 9, 1, '2022-02-04 07:01:09'),
(628, 'aluno', 10, 1, '2022-02-04 12:14:09'),
(629, 'aluno', 1, 2, '2022-02-04 12:00:09'),
(630, 'aluno', 2, 2, '2022-02-04 12:10:09'),
(631, 'aluno', 3, 2, '2022-02-04 12:03:09'),
(632, 'aluno', 4, 2, '2022-02-04 12:05:09'),
(633, 'aluno', 5, 2, '2022-02-04 13:06:09'),
(634, 'aluno', 6, 2, '2022-02-04 13:11:09'),
(635, 'aluno', 7, 2, '2022-02-04 12:12:09'),
(636, 'aluno', 8, 2, '2022-02-04 12:08:09'),
(637, 'aluno', 9, 2, '2022-02-04 13:01:09'),
(638, 'aluno', 10, 2, '2022-02-04 13:14:09'),
(639, 'aluno', 1, 1, '2022-02-07 07:00:09'),
(640, 'aluno', 2, 1, '2022-02-07 07:10:09'),
(641, 'aluno', 3, 1, '2022-02-07 07:03:09'),
(642, 'aluno', 4, 1, '2022-02-07 07:05:09'),
(643, 'aluno', 5, 1, '2022-02-07 07:06:09'),
(644, 'aluno', 6, 1, '2022-02-07 07:11:09'),
(645, 'aluno', 7, 1, '2022-02-07 07:12:09'),
(646, 'aluno', 8, 1, '2022-02-07 07:08:09'),
(647, 'aluno', 9, 1, '2022-02-07 07:01:09'),
(648, 'aluno', 10, 1, '2022-02-07 12:14:09'),
(649, 'aluno', 1, 2, '2022-02-07 12:00:09'),
(650, 'aluno', 2, 2, '2022-02-07 12:10:09'),
(651, 'aluno', 3, 2, '2022-02-07 12:03:09'),
(652, 'aluno', 4, 2, '2022-02-07 12:05:09'),
(653, 'aluno', 5, 2, '2022-02-07 13:06:09'),
(654, 'aluno', 6, 2, '2022-02-07 13:11:09'),
(655, 'aluno', 7, 2, '2022-02-07 12:12:09'),
(656, 'aluno', 8, 2, '2022-02-07 12:08:09'),
(657, 'aluno', 9, 2, '2022-02-07 13:01:09'),
(658, 'aluno', 10, 2, '2022-02-07 13:14:09'),
(659, 'aluno', 1, 1, '2022-02-08 07:00:09'),
(660, 'aluno', 2, 1, '2022-02-08 07:10:09'),
(661, 'aluno', 3, 1, '2022-02-08 07:03:09'),
(662, 'aluno', 4, 1, '2022-02-08 07:05:09'),
(663, 'aluno', 5, 1, '2022-02-08 07:06:09'),
(664, 'aluno', 6, 1, '2022-02-08 07:11:09'),
(665, 'aluno', 7, 1, '2022-02-08 07:12:09'),
(666, 'aluno', 8, 1, '2022-02-08 07:08:09'),
(667, 'aluno', 9, 1, '2022-02-08 07:01:09'),
(668, 'aluno', 10, 1, '2022-02-08 12:14:09'),
(669, 'aluno', 1, 2, '2022-02-08 12:00:09'),
(670, 'aluno', 2, 2, '2022-02-08 12:10:09'),
(671, 'aluno', 3, 2, '2022-02-08 12:03:09'),
(672, 'aluno', 4, 2, '2022-02-08 12:05:09'),
(673, 'aluno', 5, 2, '2022-02-08 13:06:09'),
(674, 'aluno', 6, 2, '2022-02-08 13:11:09'),
(675, 'aluno', 7, 2, '2022-02-08 12:12:09'),
(676, 'aluno', 8, 2, '2022-02-08 12:08:09'),
(677, 'aluno', 9, 2, '2022-02-08 13:01:09'),
(678, 'aluno', 10, 2, '2022-02-08 13:14:09'),
(679, 'aluno', 1, 1, '2022-02-09 07:00:09'),
(680, 'aluno', 2, 1, '2022-02-09 07:10:09'),
(681, 'aluno', 3, 1, '2022-02-09 07:03:09'),
(682, 'aluno', 4, 1, '2022-02-09 07:05:09'),
(683, 'aluno', 5, 1, '2022-02-09 07:06:09'),
(684, 'aluno', 6, 1, '2022-02-09 07:11:09'),
(685, 'aluno', 7, 1, '2022-02-09 07:12:09'),
(686, 'aluno', 8, 1, '2022-02-09 07:08:09'),
(687, 'aluno', 9, 1, '2022-02-09 07:01:09'),
(688, 'aluno', 10, 1, '2022-02-09 12:14:09'),
(689, 'aluno', 1, 2, '2022-02-09 12:00:09'),
(690, 'aluno', 2, 2, '2022-02-09 12:10:09'),
(691, 'aluno', 3, 2, '2022-02-09 12:03:09'),
(692, 'aluno', 4, 2, '2022-02-09 12:05:09'),
(693, 'aluno', 5, 2, '2022-02-09 13:06:09'),
(694, 'aluno', 6, 2, '2022-02-09 13:11:09'),
(695, 'aluno', 7, 2, '2022-02-09 12:12:09'),
(696, 'aluno', 8, 2, '2022-02-09 12:08:09'),
(697, 'aluno', 9, 2, '2022-02-09 13:01:09'),
(698, 'aluno', 10, 2, '2022-02-09 13:14:09'),
(699, 'aluno', 1, 1, '2022-02-10 07:00:09'),
(700, 'aluno', 2, 1, '2022-02-10 07:10:09'),
(701, 'aluno', 3, 1, '2022-02-10 07:03:09'),
(702, 'aluno', 4, 1, '2022-02-10 07:05:09'),
(703, 'aluno', 5, 1, '2022-02-10 07:06:09'),
(704, 'aluno', 6, 1, '2022-02-10 07:11:09'),
(705, 'aluno', 7, 1, '2022-02-10 07:12:09'),
(706, 'aluno', 8, 1, '2022-02-10 07:08:09'),
(707, 'aluno', 9, 1, '2022-02-10 07:01:09'),
(708, 'aluno', 10, 1, '2022-02-10 12:14:09'),
(709, 'aluno', 1, 2, '2022-02-11 12:00:09'),
(710, 'aluno', 2, 2, '2022-02-11 12:10:09'),
(711, 'aluno', 3, 2, '2022-02-11 12:03:09'),
(712, 'aluno', 4, 2, '2022-02-11 12:05:09'),
(713, 'aluno', 5, 2, '2022-02-11 13:06:09'),
(714, 'aluno', 6, 2, '2022-02-11 13:11:09'),
(715, 'aluno', 7, 2, '2022-02-11 12:12:09'),
(716, 'aluno', 8, 2, '2022-02-11 12:08:09'),
(717, 'aluno', 9, 2, '2022-02-11 13:01:09'),
(718, 'aluno', 10, 2, '2022-02-11 13:14:09'),
(719, 'aluno', 1, 1, '2022-02-14 07:00:09'),
(720, 'aluno', 2, 1, '2022-02-14 07:10:09'),
(721, 'aluno', 3, 1, '2022-02-14 07:03:09'),
(722, 'aluno', 4, 1, '2022-02-14 07:05:09'),
(723, 'aluno', 5, 1, '2022-02-14 07:06:09'),
(724, 'aluno', 6, 1, '2022-02-14 07:11:09'),
(725, 'aluno', 7, 1, '2022-02-14 07:12:09'),
(726, 'aluno', 8, 1, '2022-02-14 07:08:09'),
(727, 'aluno', 9, 1, '2022-02-14 07:01:09'),
(728, 'aluno', 10, 1, '2022-02-14 12:14:09'),
(729, 'aluno', 1, 2, '2022-02-15 12:00:09'),
(730, 'aluno', 2, 2, '2022-02-15 12:10:09'),
(731, 'aluno', 3, 2, '2022-02-15 12:03:09'),
(732, 'aluno', 4, 2, '2022-02-15 12:05:09'),
(733, 'aluno', 5, 2, '2022-02-15 13:06:09'),
(734, 'aluno', 6, 2, '2022-02-15 13:11:09'),
(735, 'aluno', 7, 2, '2022-02-15 12:12:09'),
(736, 'aluno', 8, 2, '2022-02-15 12:08:09'),
(737, 'aluno', 9, 2, '2022-02-15 13:01:09'),
(738, 'aluno', 10, 2, '2022-02-15 13:14:09'),
(739, 'aluno', 1, 1, '2022-02-16 07:00:09'),
(740, 'aluno', 2, 1, '2022-02-16 07:10:09'),
(741, 'aluno', 3, 1, '2022-02-16 07:03:09'),
(742, 'aluno', 4, 1, '2022-02-16 07:05:09'),
(743, 'aluno', 5, 1, '2022-02-16 07:06:09'),
(744, 'aluno', 6, 1, '2022-02-16 07:11:09'),
(745, 'aluno', 7, 1, '2022-02-16 07:12:09'),
(746, 'aluno', 8, 1, '2022-02-16 07:08:09'),
(747, 'aluno', 9, 1, '2022-02-16 07:01:09'),
(748, 'aluno', 10, 1, '2022-02-16 12:14:09'),
(749, 'aluno', 1, 2, '2022-02-17 12:00:09'),
(750, 'aluno', 2, 2, '2022-02-17 12:10:09'),
(751, 'aluno', 3, 2, '2022-02-17 12:03:09'),
(752, 'aluno', 4, 2, '2022-02-17 12:05:09'),
(753, 'aluno', 5, 2, '2022-02-17 13:06:09'),
(754, 'aluno', 6, 2, '2022-02-17 13:11:09'),
(755, 'aluno', 7, 2, '2022-02-17 12:12:09'),
(756, 'aluno', 8, 2, '2022-02-17 12:08:09'),
(757, 'aluno', 9, 2, '2022-02-17 13:01:09'),
(758, 'aluno', 10, 2, '2022-02-17 13:14:09'),
(759, 'aluno', 1, 1, '2022-02-18 07:00:09'),
(760, 'aluno', 2, 1, '2022-02-18 07:10:09'),
(761, 'aluno', 3, 1, '2022-02-18 07:03:09'),
(762, 'aluno', 4, 1, '2022-02-18 07:05:09'),
(763, 'aluno', 5, 1, '2022-02-18 07:06:09'),
(764, 'aluno', 6, 1, '2022-02-18 07:11:09'),
(765, 'aluno', 7, 1, '2022-02-18 07:12:09'),
(766, 'aluno', 8, 1, '2022-02-18 07:08:09'),
(767, 'aluno', 9, 1, '2022-02-18 07:01:09'),
(768, 'aluno', 10, 1, '2022-02-18 12:14:09'),
(769, 'aluno', 1, 2, '2022-02-18 12:00:09'),
(770, 'aluno', 2, 2, '2022-02-18 12:10:09'),
(771, 'aluno', 3, 2, '2022-02-18 12:03:09'),
(772, 'aluno', 4, 2, '2022-02-18 12:05:09'),
(773, 'aluno', 5, 2, '2022-02-18 13:06:09'),
(774, 'aluno', 6, 2, '2022-02-18 13:11:09'),
(775, 'aluno', 7, 2, '2022-02-18 12:12:09'),
(776, 'aluno', 8, 2, '2022-02-18 12:08:09'),
(777, 'aluno', 9, 2, '2022-02-18 13:01:09'),
(778, 'aluno', 10, 2, '2022-02-18 13:14:09'),
(779, 'aluno', 1, 1, '2022-02-20 07:00:09'),
(780, 'aluno', 2, 1, '2022-02-20 07:10:09'),
(781, 'aluno', 3, 1, '2022-02-20 07:03:09'),
(782, 'aluno', 4, 1, '2022-02-20 07:05:09'),
(783, 'aluno', 5, 1, '2022-02-20 07:06:09'),
(784, 'aluno', 6, 1, '2022-02-20 07:11:09'),
(785, 'aluno', 7, 1, '2022-02-20 07:12:09'),
(786, 'aluno', 8, 1, '2022-02-20 07:08:09'),
(787, 'aluno', 9, 1, '2022-02-20 07:01:09'),
(788, 'aluno', 10, 1, '2022-02-20 12:14:09'),
(789, 'aluno', 1, 2, '2022-02-20 12:00:09'),
(790, 'aluno', 2, 2, '2022-02-20 12:10:09'),
(791, 'aluno', 3, 2, '2022-02-20 12:03:09'),
(792, 'aluno', 4, 2, '2022-02-20 12:05:09'),
(793, 'aluno', 5, 2, '2022-02-20 13:06:09'),
(794, 'aluno', 6, 2, '2022-02-20 13:11:09'),
(795, 'aluno', 7, 2, '2022-02-20 12:12:09'),
(796, 'aluno', 8, 2, '2022-02-20 12:08:09'),
(797, 'aluno', 9, 2, '2022-02-20 13:01:09'),
(798, 'aluno', 10, 2, '2022-02-20 13:14:09'),
(799, 'aluno', 1, 1, '2022-02-21 07:00:09'),
(800, 'aluno', 2, 1, '2022-02-21 07:10:09'),
(801, 'aluno', 3, 1, '2022-02-21 07:03:09'),
(802, 'aluno', 4, 1, '2022-02-21 07:05:09'),
(803, 'aluno', 5, 1, '2022-02-21 07:06:09'),
(804, 'aluno', 6, 1, '2022-02-21 07:11:09'),
(805, 'aluno', 7, 1, '2022-02-21 07:12:09'),
(806, 'aluno', 8, 1, '2022-02-21 07:08:09'),
(807, 'aluno', 9, 1, '2022-02-21 07:01:09'),
(808, 'aluno', 10, 1, '2022-02-21 12:14:09'),
(809, 'aluno', 1, 2, '2022-02-21 12:00:09'),
(810, 'aluno', 2, 2, '2022-02-21 12:10:09'),
(811, 'aluno', 3, 2, '2022-02-21 12:03:09'),
(812, 'aluno', 4, 2, '2022-02-21 12:05:09'),
(813, 'aluno', 5, 2, '2022-02-21 13:06:09'),
(814, 'aluno', 6, 2, '2022-02-21 13:11:09'),
(815, 'aluno', 7, 2, '2022-02-21 12:12:09'),
(816, 'aluno', 8, 2, '2022-02-21 12:08:09'),
(817, 'aluno', 9, 2, '2022-02-21 13:01:09'),
(818, 'aluno', 10, 2, '2022-02-21 13:14:09'),
(819, 'aluno', 1, 1, '2022-02-22 07:00:09'),
(820, 'aluno', 2, 1, '2022-02-22 07:10:09'),
(821, 'aluno', 3, 1, '2022-02-22 07:03:09'),
(822, 'aluno', 4, 1, '2022-02-22 07:05:09'),
(823, 'aluno', 5, 1, '2022-02-22 07:06:09'),
(824, 'aluno', 6, 1, '2022-02-22 07:11:09'),
(825, 'aluno', 7, 1, '2022-02-22 07:12:09'),
(826, 'aluno', 8, 1, '2022-02-22 07:08:09'),
(827, 'aluno', 9, 1, '2022-02-22 07:01:09'),
(828, 'aluno', 10, 1, '2022-02-22 12:14:09'),
(829, 'aluno', 1, 2, '2022-02-22 12:00:09'),
(830, 'aluno', 2, 2, '2022-02-22 12:10:09'),
(831, 'aluno', 3, 2, '2022-02-22 12:03:09'),
(832, 'aluno', 4, 2, '2022-02-22 12:05:09'),
(833, 'aluno', 5, 2, '2022-02-22 13:06:09'),
(834, 'aluno', 6, 2, '2022-02-22 13:11:09'),
(835, 'aluno', 7, 2, '2022-02-22 12:12:09'),
(836, 'aluno', 8, 2, '2022-02-22 12:08:09'),
(837, 'aluno', 9, 2, '2022-02-22 13:01:09'),
(838, 'aluno', 10, 2, '2022-02-22 13:14:09'),
(839, 'aluno', 1, 1, '2022-02-23 07:00:09'),
(840, 'aluno', 2, 1, '2022-02-23 07:10:09'),
(841, 'aluno', 3, 1, '2022-02-23 07:03:09'),
(842, 'aluno', 4, 1, '2022-02-23 07:05:09'),
(843, 'aluno', 5, 1, '2022-02-23 07:06:09'),
(844, 'aluno', 6, 1, '2022-02-23 07:11:09'),
(845, 'aluno', 7, 1, '2022-02-23 07:12:09'),
(846, 'aluno', 8, 1, '2022-02-23 07:08:09'),
(847, 'aluno', 9, 1, '2022-02-23 07:01:09'),
(848, 'aluno', 10, 1, '2022-02-23 12:14:09'),
(849, 'aluno', 1, 2, '2022-02-23 12:00:09'),
(850, 'aluno', 2, 2, '2022-02-23 12:10:09'),
(851, 'aluno', 3, 2, '2022-02-23 12:03:09'),
(852, 'aluno', 4, 2, '2022-02-23 12:05:09'),
(853, 'aluno', 5, 2, '2022-02-23 13:06:09'),
(854, 'aluno', 6, 2, '2022-02-23 13:11:09'),
(855, 'aluno', 7, 2, '2022-02-23 12:12:09'),
(856, 'aluno', 8, 2, '2022-02-23 12:08:09'),
(857, 'aluno', 9, 2, '2022-02-23 13:01:09'),
(858, 'aluno', 10, 2, '2022-02-23 13:14:09'),
(859, 'aluno', 1, 1, '2022-02-24 07:00:09'),
(860, 'aluno', 2, 1, '2022-02-24 07:10:09'),
(861, 'aluno', 3, 1, '2022-02-24 07:03:09'),
(862, 'aluno', 4, 1, '2022-02-24 07:05:09'),
(863, 'aluno', 5, 1, '2022-02-24 07:06:09'),
(864, 'aluno', 6, 1, '2022-02-24 07:11:09'),
(865, 'aluno', 7, 1, '2022-02-24 07:12:09'),
(866, 'aluno', 8, 1, '2022-02-24 07:08:09'),
(867, 'aluno', 9, 1, '2022-02-24 07:01:09'),
(868, 'aluno', 10, 1, '2022-02-24 12:14:09'),
(869, 'aluno', 1, 2, '2022-02-24 12:00:09'),
(870, 'aluno', 2, 2, '2022-02-24 12:10:09'),
(871, 'aluno', 3, 2, '2022-02-24 12:03:09'),
(872, 'aluno', 4, 2, '2022-02-24 12:05:09'),
(873, 'aluno', 5, 2, '2022-02-24 13:06:09'),
(874, 'aluno', 6, 2, '2022-02-24 13:11:09'),
(875, 'aluno', 7, 2, '2022-02-24 12:12:09'),
(876, 'aluno', 8, 2, '2022-02-24 12:08:09'),
(877, 'aluno', 9, 2, '2022-02-24 13:01:09'),
(878, 'aluno', 10, 2, '2022-02-24 13:14:09'),
(879, 'aluno', 1, 1, '2022-02-25 07:00:09'),
(880, 'aluno', 2, 1, '2022-02-25 07:10:09'),
(881, 'aluno', 3, 1, '2022-02-25 07:03:09'),
(882, 'aluno', 4, 1, '2022-02-25 07:05:09'),
(883, 'aluno', 5, 1, '2022-02-25 07:06:09'),
(884, 'aluno', 6, 1, '2022-02-25 07:11:09'),
(885, 'aluno', 7, 1, '2022-02-25 07:12:09'),
(886, 'aluno', 8, 1, '2022-02-25 07:08:09'),
(887, 'aluno', 9, 1, '2022-02-25 07:01:09'),
(888, 'aluno', 10, 1, '2022-02-25 12:14:09'),
(889, 'aluno', 1, 2, '2022-02-25 12:00:09'),
(890, 'aluno', 2, 2, '2022-02-25 12:10:09'),
(891, 'aluno', 3, 2, '2022-02-25 12:03:09'),
(892, 'aluno', 4, 2, '2022-02-25 12:05:09'),
(893, 'aluno', 5, 2, '2022-02-25 13:06:09'),
(894, 'aluno', 6, 2, '2022-02-25 13:11:09'),
(895, 'aluno', 7, 2, '2022-02-25 12:12:09'),
(896, 'aluno', 8, 2, '2022-02-25 12:08:09'),
(897, 'aluno', 9, 2, '2022-02-25 13:01:09'),
(898, 'aluno', 10, 2, '2022-02-25 13:14:09'),
(899, 'aluno', 1, 1, '2022-02-27 07:00:09'),
(900, 'aluno', 2, 1, '2022-02-27 07:10:09'),
(901, 'aluno', 3, 1, '2022-02-27 07:03:09'),
(902, 'aluno', 4, 1, '2022-02-27 07:05:09'),
(903, 'aluno', 5, 1, '2022-02-27 07:06:09'),
(904, 'aluno', 6, 1, '2022-02-27 07:11:09'),
(905, 'aluno', 7, 1, '2022-02-27 07:12:09'),
(906, 'aluno', 8, 1, '2022-02-27 07:08:09'),
(907, 'aluno', 9, 1, '2022-02-27 07:01:09'),
(908, 'aluno', 10, 1, '2022-02-27 12:14:09'),
(909, 'aluno', 1, 2, '2022-02-27 12:00:09'),
(910, 'aluno', 2, 2, '2022-02-27 12:10:09'),
(911, 'aluno', 3, 2, '2022-02-27 12:03:09'),
(912, 'aluno', 4, 2, '2022-02-27 12:05:09'),
(913, 'aluno', 5, 2, '2022-02-27 13:06:09'),
(914, 'aluno', 6, 2, '2022-02-27 13:11:09'),
(915, 'aluno', 7, 2, '2022-02-27 12:12:09'),
(916, 'aluno', 8, 2, '2022-02-27 12:08:09'),
(917, 'aluno', 9, 2, '2022-02-27 13:01:09'),
(918, 'aluno', 10, 2, '2022-02-27 13:14:09'),
(919, 'aluno', 1, 1, '2022-02-28 07:00:09'),
(920, 'aluno', 2, 1, '2022-02-28 07:10:09'),
(921, 'aluno', 3, 1, '2022-02-28 07:03:09'),
(922, 'aluno', 4, 1, '2022-02-28 07:05:09'),
(923, 'aluno', 5, 1, '2022-02-28 07:06:09'),
(924, 'aluno', 6, 1, '2022-02-28 07:11:09'),
(925, 'aluno', 7, 1, '2022-02-28 07:12:09'),
(926, 'aluno', 8, 1, '2022-02-28 07:08:09'),
(927, 'aluno', 9, 1, '2022-02-28 07:01:09'),
(928, 'aluno', 10, 1, '2022-02-28 12:14:09'),
(929, 'aluno', 1, 2, '2022-02-28 12:00:09'),
(930, 'aluno', 2, 2, '2022-02-28 12:10:09'),
(931, 'aluno', 3, 2, '2022-02-28 12:03:09'),
(932, 'aluno', 4, 2, '2022-02-28 12:05:09'),
(933, 'aluno', 5, 2, '2022-02-28 13:06:09'),
(934, 'aluno', 6, 2, '2022-02-28 13:11:09'),
(935, 'aluno', 7, 2, '2022-02-28 12:12:09'),
(936, 'aluno', 8, 2, '2022-02-28 12:08:09'),
(937, 'aluno', 9, 2, '2022-02-28 13:01:09'),
(938, 'aluno', 10, 2, '2022-02-28 13:14:09'),
(939, 'aluno', 1, 1, '2022-03-01 07:00:09'),
(940, 'aluno', 2, 1, '2022-03-01 07:10:09'),
(941, 'aluno', 3, 1, '2022-03-01 07:03:09'),
(942, 'aluno', 4, 1, '2022-03-01 07:05:09'),
(943, 'aluno', 5, 1, '2022-03-01 07:06:09'),
(944, 'aluno', 6, 1, '2022-03-01 07:11:09'),
(945, 'aluno', 7, 1, '2022-03-01 07:12:09'),
(946, 'aluno', 8, 1, '2022-03-01 07:08:09'),
(947, 'aluno', 9, 1, '2022-03-01 07:01:09'),
(948, 'aluno', 10, 1, '2022-03-01 12:14:09'),
(949, 'aluno', 1, 2, '2022-03-01 12:00:09'),
(950, 'aluno', 2, 2, '2022-03-01 12:10:09'),
(951, 'aluno', 3, 2, '2022-03-01 12:03:09'),
(952, 'aluno', 4, 2, '2022-03-01 12:05:09'),
(953, 'aluno', 5, 2, '2022-03-01 13:06:09'),
(954, 'aluno', 6, 2, '2022-03-01 13:11:09'),
(955, 'aluno', 7, 2, '2022-03-01 12:12:09'),
(956, 'aluno', 8, 2, '2022-03-01 12:08:09'),
(957, 'aluno', 9, 2, '2022-03-01 13:01:09'),
(958, 'aluno', 10, 2, '2022-03-01 13:14:09'),
(959, 'aluno', 1, 1, '2022-03-02 07:00:09'),
(960, 'aluno', 2, 1, '2022-03-02 07:10:09'),
(961, 'aluno', 3, 1, '2022-03-02 07:03:09'),
(962, 'aluno', 4, 1, '2022-03-02 07:05:09'),
(963, 'aluno', 5, 1, '2022-03-02 07:06:09'),
(964, 'aluno', 6, 1, '2022-03-02 07:11:09'),
(965, 'aluno', 7, 1, '2022-03-02 07:12:09'),
(966, 'aluno', 8, 1, '2022-03-02 07:08:09'),
(967, 'aluno', 9, 1, '2022-03-02 07:01:09'),
(968, 'aluno', 10, 1, '2022-03-02 12:14:09'),
(969, 'aluno', 1, 2, '2022-03-02 12:00:09'),
(970, 'aluno', 2, 2, '2022-03-02 12:10:09'),
(971, 'aluno', 3, 2, '2022-03-02 12:03:09'),
(972, 'aluno', 4, 2, '2022-03-02 12:05:09'),
(973, 'aluno', 5, 2, '2022-03-02 13:06:09'),
(974, 'aluno', 6, 2, '2022-03-02 13:11:09'),
(975, 'aluno', 7, 2, '2022-03-02 12:12:09'),
(976, 'aluno', 8, 2, '2022-03-02 12:08:09'),
(977, 'aluno', 9, 2, '2022-03-02 13:01:09'),
(978, 'aluno', 10, 2, '2022-03-02 13:14:09'),
(979, 'aluno', 1, 1, '2022-03-03 07:00:09'),
(980, 'aluno', 2, 1, '2022-03-03 07:10:09'),
(981, 'aluno', 3, 1, '2022-03-03 07:03:09'),
(982, 'aluno', 4, 1, '2022-03-03 07:05:09'),
(983, 'aluno', 5, 1, '2022-03-03 07:06:09'),
(984, 'aluno', 6, 1, '2022-03-03 07:11:09'),
(985, 'aluno', 7, 1, '2022-03-03 07:12:09'),
(986, 'aluno', 8, 1, '2022-03-03 07:08:09'),
(987, 'aluno', 9, 1, '2022-03-03 07:01:09'),
(988, 'aluno', 10, 1, '2022-03-03 12:14:09'),
(989, 'aluno', 1, 2, '2022-03-03 12:00:09'),
(990, 'aluno', 2, 2, '2022-03-03 12:10:09'),
(991, 'aluno', 3, 2, '2022-03-03 12:03:09'),
(992, 'aluno', 4, 2, '2022-03-03 12:05:09'),
(993, 'aluno', 5, 2, '2022-03-03 13:06:09'),
(994, 'aluno', 6, 2, '2022-03-03 13:11:09'),
(995, 'aluno', 7, 2, '2022-03-03 12:12:09'),
(996, 'aluno', 8, 2, '2022-03-03 12:08:09'),
(997, 'aluno', 9, 2, '2022-03-03 13:01:09'),
(998, 'aluno', 10, 2, '2022-03-03 13:14:09'),
(999, 'aluno', 1, 1, '2022-03-04 07:00:09'),
(1000, 'aluno', 2, 1, '2022-03-04 07:10:09'),
(1001, 'aluno', 3, 1, '2022-03-04 07:03:09'),
(1002, 'aluno', 4, 1, '2022-03-04 07:05:09'),
(1003, 'aluno', 5, 1, '2022-03-04 07:06:09'),
(1004, 'aluno', 6, 1, '2022-03-04 07:11:09'),
(1005, 'aluno', 7, 1, '2022-03-04 07:12:09'),
(1006, 'aluno', 8, 1, '2022-03-04 07:08:09'),
(1007, 'aluno', 9, 1, '2022-03-04 07:01:09'),
(1008, 'aluno', 10, 1, '2022-03-04 12:14:09'),
(1009, 'aluno', 1, 2, '2022-03-04 12:00:09'),
(1010, 'aluno', 2, 2, '2022-03-04 12:10:09'),
(1011, 'aluno', 3, 2, '2022-03-04 12:03:09'),
(1012, 'aluno', 4, 2, '2022-03-04 12:05:09'),
(1013, 'aluno', 5, 2, '2022-03-04 13:06:09'),
(1014, 'aluno', 6, 2, '2022-03-04 13:11:09'),
(1015, 'aluno', 7, 2, '2022-03-04 12:12:09'),
(1016, 'aluno', 8, 2, '2022-03-04 12:08:09'),
(1017, 'aluno', 9, 2, '2022-03-04 13:01:09'),
(1018, 'aluno', 10, 2, '2022-03-04 13:14:09'),
(1019, 'aluno', 1, 1, '2022-03-06 07:00:09'),
(1020, 'aluno', 2, 1, '2022-03-06 07:10:09'),
(1021, 'aluno', 3, 1, '2022-03-06 07:03:09'),
(1022, 'aluno', 4, 1, '2022-03-06 07:05:09'),
(1023, 'aluno', 5, 1, '2022-03-06 07:06:09'),
(1024, 'aluno', 6, 1, '2022-03-06 07:11:09'),
(1025, 'aluno', 7, 1, '2022-03-06 07:12:09'),
(1026, 'aluno', 8, 1, '2022-03-06 07:08:09'),
(1027, 'aluno', 9, 1, '2022-03-06 07:01:09'),
(1028, 'aluno', 10, 1, '2022-03-06 12:14:09'),
(1029, 'aluno', 1, 2, '2022-03-06 12:00:09'),
(1030, 'aluno', 2, 2, '2022-03-06 12:10:09'),
(1031, 'aluno', 3, 2, '2022-03-06 12:03:09'),
(1032, 'aluno', 4, 2, '2022-03-06 12:05:09'),
(1033, 'aluno', 5, 2, '2022-03-06 13:06:09'),
(1034, 'aluno', 6, 2, '2022-03-06 13:11:09'),
(1035, 'aluno', 7, 2, '2022-03-06 12:12:09'),
(1036, 'aluno', 8, 2, '2022-03-06 12:08:09'),
(1037, 'aluno', 9, 2, '2022-03-06 13:01:09'),
(1038, 'aluno', 10, 2, '2022-03-06 13:14:09'),
(1039, 'aluno', 1, 1, '2022-03-07 07:00:09'),
(1040, 'aluno', 2, 1, '2022-03-07 07:10:09'),
(1041, 'aluno', 3, 1, '2022-03-07 07:03:09'),
(1042, 'aluno', 4, 1, '2022-03-07 07:05:09'),
(1043, 'aluno', 5, 1, '2022-03-07 07:06:09'),
(1044, 'aluno', 6, 1, '2022-03-07 07:11:09'),
(1045, 'aluno', 7, 1, '2022-03-07 07:12:09'),
(1046, 'aluno', 8, 1, '2022-03-07 07:08:09'),
(1047, 'aluno', 9, 1, '2022-03-07 07:01:09'),
(1048, 'aluno', 10, 1, '2022-03-07 12:14:09'),
(1049, 'aluno', 1, 2, '2022-03-07 12:00:09'),
(1050, 'aluno', 2, 2, '2022-03-07 12:10:09'),
(1051, 'aluno', 3, 2, '2022-03-07 12:03:09'),
(1052, 'aluno', 4, 2, '2022-03-07 12:05:09'),
(1053, 'aluno', 5, 2, '2022-03-07 13:06:09'),
(1054, 'aluno', 6, 2, '2022-03-07 13:11:09'),
(1055, 'aluno', 7, 2, '2022-03-07 12:12:09'),
(1056, 'aluno', 8, 2, '2022-03-07 12:08:09'),
(1057, 'aluno', 9, 2, '2022-03-07 13:01:09'),
(1058, 'aluno', 10, 2, '2022-03-07 13:14:09'),
(1059, 'aluno', 1, 1, '2022-03-08 07:00:09'),
(1060, 'aluno', 2, 1, '2022-03-08 07:10:09'),
(1061, 'aluno', 3, 1, '2022-03-08 07:03:09'),
(1062, 'aluno', 4, 1, '2022-03-08 07:05:09'),
(1063, 'aluno', 5, 1, '2022-03-08 07:06:09'),
(1064, 'aluno', 6, 1, '2022-03-08 07:11:09'),
(1065, 'aluno', 7, 1, '2022-03-08 07:12:09'),
(1066, 'aluno', 8, 1, '2022-03-08 07:08:09'),
(1067, 'aluno', 9, 1, '2022-03-08 07:01:09'),
(1068, 'aluno', 10, 1, '2022-03-08 12:14:09'),
(1069, 'aluno', 1, 2, '2022-03-08 12:00:09'),
(1070, 'aluno', 2, 2, '2022-03-08 12:10:09'),
(1071, 'aluno', 3, 2, '2022-03-08 12:03:09'),
(1072, 'aluno', 4, 2, '2022-03-08 12:05:09'),
(1073, 'aluno', 5, 2, '2022-03-08 13:06:09'),
(1074, 'aluno', 6, 2, '2022-03-08 13:11:09'),
(1075, 'aluno', 7, 2, '2022-03-08 12:12:09'),
(1076, 'aluno', 8, 2, '2022-03-08 12:08:09'),
(1077, 'aluno', 9, 2, '2022-03-08 13:01:09'),
(1078, 'aluno', 10, 2, '2022-03-08 13:14:09'),
(1079, 'aluno', 1, 1, '2022-03-09 07:00:09'),
(1080, 'aluno', 2, 1, '2022-03-09 07:10:09'),
(1081, 'aluno', 3, 1, '2022-03-09 07:03:09'),
(1082, 'aluno', 4, 1, '2022-03-09 07:05:09'),
(1083, 'aluno', 5, 1, '2022-03-09 07:06:09'),
(1084, 'aluno', 6, 1, '2022-03-09 07:11:09'),
(1085, 'aluno', 7, 1, '2022-03-09 07:12:09'),
(1086, 'aluno', 8, 1, '2022-03-09 07:08:09'),
(1087, 'aluno', 9, 1, '2022-03-09 07:01:09'),
(1088, 'aluno', 10, 1, '2022-03-09 12:14:09'),
(1089, 'aluno', 1, 2, '2022-03-09 12:00:09'),
(1090, 'aluno', 2, 2, '2022-03-09 12:10:09'),
(1091, 'aluno', 3, 2, '2022-03-09 12:03:09'),
(1092, 'aluno', 4, 2, '2022-03-09 12:05:09'),
(1093, 'aluno', 5, 2, '2022-03-09 13:06:09'),
(1094, 'aluno', 6, 2, '2022-03-09 13:11:09'),
(1095, 'aluno', 7, 2, '2022-03-09 12:12:09'),
(1096, 'aluno', 8, 2, '2022-03-09 12:08:09'),
(1097, 'aluno', 9, 2, '2022-03-09 13:01:09'),
(1098, 'aluno', 10, 2, '2022-03-09 13:14:09'),
(1099, 'aluno', 1, 1, '2022-03-10 07:00:09'),
(1100, 'aluno', 2, 1, '2022-03-10 07:10:09'),
(1101, 'aluno', 3, 1, '2022-03-10 07:03:09'),
(1102, 'aluno', 4, 1, '2022-03-10 07:05:09'),
(1103, 'aluno', 5, 1, '2022-03-10 07:06:09'),
(1104, 'aluno', 6, 1, '2022-03-10 07:11:09'),
(1105, 'aluno', 7, 1, '2022-03-10 07:12:09'),
(1106, 'aluno', 8, 1, '2022-03-10 07:08:09'),
(1107, 'aluno', 9, 1, '2022-03-10 07:01:09'),
(1108, 'aluno', 10, 1, '2022-03-10 12:14:09'),
(1109, 'aluno', 1, 2, '2022-03-10 12:00:09'),
(1110, 'aluno', 2, 2, '2022-03-10 12:10:09'),
(1111, 'aluno', 3, 2, '2022-03-10 12:03:09'),
(1112, 'aluno', 4, 2, '2022-03-10 12:05:09'),
(1113, 'aluno', 5, 2, '2022-03-10 13:06:09'),
(1114, 'aluno', 6, 2, '2022-03-10 13:11:09'),
(1115, 'aluno', 7, 2, '2022-03-10 12:12:09'),
(1116, 'aluno', 8, 2, '2022-03-10 12:08:09'),
(1117, 'aluno', 9, 2, '2022-03-10 13:01:09'),
(1118, 'aluno', 10, 2, '2022-03-10 13:14:09'),
(1119, 'aluno', 1, 1, '2022-03-11 07:00:09'),
(1120, 'aluno', 2, 1, '2022-03-11 07:10:09'),
(1121, 'aluno', 3, 1, '2022-03-11 07:03:09'),
(1122, 'aluno', 4, 1, '2022-03-11 07:05:09'),
(1123, 'aluno', 5, 1, '2022-03-11 07:06:09'),
(1124, 'aluno', 6, 1, '2022-03-11 07:11:09'),
(1125, 'aluno', 7, 1, '2022-03-11 07:12:09'),
(1126, 'aluno', 8, 1, '2022-03-11 07:08:09'),
(1127, 'aluno', 9, 1, '2022-03-11 07:01:09'),
(1128, 'aluno', 10, 1, '2022-03-11 12:14:09'),
(1129, 'aluno', 1, 2, '2022-03-11 12:00:09'),
(1130, 'aluno', 2, 2, '2022-03-11 12:10:09'),
(1131, 'aluno', 3, 2, '2022-03-11 12:03:09'),
(1132, 'aluno', 4, 2, '2022-03-11 12:05:09'),
(1133, 'aluno', 5, 2, '2022-03-11 13:06:09'),
(1134, 'aluno', 6, 2, '2022-03-11 13:11:09'),
(1135, 'aluno', 7, 2, '2022-03-11 12:12:09'),
(1136, 'aluno', 8, 2, '2022-03-11 12:08:09'),
(1137, 'aluno', 9, 2, '2022-03-11 13:01:09'),
(1138, 'aluno', 10, 2, '2022-03-11 13:14:09'),
(1139, 'aluno', 1, 1, '2022-03-13 07:00:09'),
(1140, 'aluno', 2, 1, '2022-03-13 07:10:09'),
(1141, 'aluno', 3, 1, '2022-03-13 07:03:09'),
(1142, 'aluno', 4, 1, '2022-03-13 07:05:09'),
(1143, 'aluno', 5, 1, '2022-03-13 07:06:09'),
(1144, 'aluno', 6, 1, '2022-03-13 07:11:09'),
(1145, 'aluno', 7, 1, '2022-03-13 07:12:09'),
(1146, 'aluno', 8, 1, '2022-03-13 07:08:09'),
(1147, 'aluno', 9, 1, '2022-03-13 07:01:09'),
(1148, 'aluno', 10, 1, '2022-03-13 12:14:09'),
(1149, 'aluno', 1, 2, '2022-03-13 12:00:09'),
(1150, 'aluno', 2, 2, '2022-03-13 12:10:09'),
(1151, 'aluno', 3, 2, '2022-03-13 12:03:09'),
(1152, 'aluno', 4, 2, '2022-03-13 12:05:09'),
(1153, 'aluno', 5, 2, '2022-03-13 13:06:09'),
(1154, 'aluno', 6, 2, '2022-03-13 13:11:09'),
(1155, 'aluno', 7, 2, '2022-03-13 12:12:09'),
(1156, 'aluno', 8, 2, '2022-03-13 12:08:09'),
(1157, 'aluno', 9, 2, '2022-03-13 13:01:09'),
(1158, 'aluno', 10, 2, '2022-03-13 13:14:09'),
(1159, 'aluno', 1, 1, '2022-03-14 07:00:09'),
(1160, 'aluno', 2, 1, '2022-03-14 07:10:09'),
(1161, 'aluno', 3, 1, '2022-03-14 07:03:09'),
(1162, 'aluno', 4, 1, '2022-03-14 07:05:09'),
(1163, 'aluno', 5, 1, '2022-03-14 07:06:09'),
(1164, 'aluno', 6, 1, '2022-03-14 07:11:09'),
(1165, 'aluno', 7, 1, '2022-03-14 07:12:09'),
(1166, 'aluno', 8, 1, '2022-03-14 07:08:09'),
(1167, 'aluno', 9, 1, '2022-03-14 07:01:09'),
(1168, 'aluno', 10, 1, '2022-03-14 12:14:09'),
(1169, 'aluno', 1, 2, '2022-03-14 12:00:09'),
(1170, 'aluno', 2, 2, '2022-03-14 12:10:09'),
(1171, 'aluno', 3, 2, '2022-03-14 12:03:09'),
(1172, 'aluno', 4, 2, '2022-03-14 12:05:09'),
(1173, 'aluno', 5, 2, '2022-03-14 13:06:09'),
(1174, 'aluno', 6, 2, '2022-03-14 13:11:09'),
(1175, 'aluno', 7, 2, '2022-03-14 12:12:09'),
(1176, 'aluno', 8, 2, '2022-03-14 12:08:09'),
(1177, 'aluno', 9, 2, '2022-03-14 13:01:09'),
(1178, 'aluno', 10, 2, '2022-03-14 13:14:09'),
(1179, 'aluno', 1, 1, '2022-03-15 07:00:09'),
(1180, 'aluno', 2, 1, '2022-03-15 07:10:09'),
(1181, 'aluno', 3, 1, '2022-03-15 07:03:09'),
(1182, 'aluno', 4, 1, '2022-03-15 07:05:09'),
(1183, 'aluno', 5, 1, '2022-03-15 07:06:09'),
(1184, 'aluno', 6, 1, '2022-03-15 07:11:09'),
(1185, 'aluno', 7, 1, '2022-03-15 07:12:09'),
(1186, 'aluno', 8, 1, '2022-03-15 07:08:09'),
(1187, 'aluno', 9, 1, '2022-03-15 07:01:09'),
(1188, 'aluno', 10, 1, '2022-03-15 12:14:09'),
(1189, 'aluno', 1, 2, '2022-03-15 12:00:09'),
(1190, 'aluno', 2, 2, '2022-03-15 12:10:09'),
(1191, 'aluno', 3, 2, '2022-03-15 12:03:09'),
(1192, 'aluno', 4, 2, '2022-03-15 12:05:09'),
(1193, 'aluno', 5, 2, '2022-03-15 13:06:09'),
(1194, 'aluno', 6, 2, '2022-03-15 13:11:09'),
(1195, 'aluno', 7, 2, '2022-03-15 12:12:09'),
(1196, 'aluno', 8, 2, '2022-03-15 12:08:09'),
(1197, 'aluno', 9, 2, '2022-03-15 13:01:09'),
(1198, 'aluno', 10, 2, '2022-03-15 13:14:09'),
(1199, 'aluno', 1, 1, '2022-03-16 07:00:09'),
(1200, 'aluno', 2, 1, '2022-03-16 07:10:09'),
(1201, 'aluno', 3, 1, '2022-03-16 07:03:09'),
(1202, 'aluno', 4, 1, '2022-03-16 07:05:09'),
(1203, 'aluno', 5, 1, '2022-03-16 07:06:09'),
(1204, 'aluno', 6, 1, '2022-03-16 07:11:09'),
(1205, 'aluno', 7, 1, '2022-03-16 07:12:09'),
(1206, 'aluno', 8, 1, '2022-03-16 07:08:09'),
(1207, 'aluno', 9, 1, '2022-03-16 07:01:09'),
(1208, 'aluno', 10, 1, '2022-03-16 12:14:09'),
(1209, 'aluno', 1, 2, '2022-03-16 12:00:09'),
(1210, 'aluno', 2, 2, '2022-03-16 12:10:09'),
(1211, 'aluno', 3, 2, '2022-03-16 12:03:09'),
(1212, 'aluno', 4, 2, '2022-03-16 12:05:09'),
(1213, 'aluno', 5, 2, '2022-03-16 13:06:09'),
(1214, 'aluno', 6, 2, '2022-03-16 13:11:09'),
(1215, 'aluno', 7, 2, '2022-03-16 12:12:09'),
(1216, 'aluno', 8, 2, '2022-03-16 12:08:09'),
(1217, 'aluno', 9, 2, '2022-03-16 13:01:09'),
(1218, 'aluno', 10, 2, '2022-03-16 13:14:09'),
(1219, 'aluno', 1, 1, '2022-03-17 07:00:09'),
(1220, 'aluno', 2, 1, '2022-03-17 07:10:09'),
(1221, 'aluno', 3, 1, '2022-03-17 07:03:09'),
(1222, 'aluno', 4, 1, '2022-03-17 07:05:09'),
(1223, 'aluno', 5, 1, '2022-03-17 07:06:09'),
(1224, 'aluno', 6, 1, '2022-03-17 07:11:09'),
(1225, 'aluno', 7, 1, '2022-03-17 07:12:09'),
(1226, 'aluno', 8, 1, '2022-03-17 07:08:09'),
(1227, 'aluno', 9, 1, '2022-03-17 07:01:09'),
(1228, 'aluno', 10, 1, '2022-03-17 12:14:09'),
(1229, 'aluno', 1, 2, '2022-03-17 12:00:09'),
(1230, 'aluno', 2, 2, '2022-03-17 12:10:09'),
(1231, 'aluno', 3, 2, '2022-03-17 12:03:09'),
(1232, 'aluno', 4, 2, '2022-03-17 12:05:09'),
(1233, 'aluno', 5, 2, '2022-03-17 13:06:09'),
(1234, 'aluno', 6, 2, '2022-03-17 13:11:09'),
(1235, 'aluno', 7, 2, '2022-03-17 12:12:09'),
(1236, 'aluno', 8, 2, '2022-03-17 12:08:09'),
(1237, 'aluno', 9, 2, '2022-03-17 13:01:09'),
(1238, 'aluno', 10, 2, '2022-03-17 13:14:09'),
(1239, 'aluno', 1, 1, '2022-03-18 07:00:09'),
(1240, 'aluno', 2, 1, '2022-03-18 07:10:09'),
(1241, 'aluno', 3, 1, '2022-03-18 07:03:09'),
(1242, 'aluno', 4, 1, '2022-03-18 07:05:09'),
(1243, 'aluno', 5, 1, '2022-03-18 07:06:09'),
(1244, 'aluno', 6, 1, '2022-03-18 07:11:09'),
(1245, 'aluno', 7, 1, '2022-03-18 07:12:09'),
(1246, 'aluno', 8, 1, '2022-03-18 07:08:09'),
(1247, 'aluno', 9, 1, '2022-03-18 07:01:09'),
(1248, 'aluno', 10, 1, '2022-03-18 12:14:09'),
(1249, 'aluno', 1, 2, '2022-03-18 12:00:09'),
(1250, 'aluno', 2, 2, '2022-03-18 12:10:09'),
(1251, 'aluno', 3, 2, '2022-03-18 12:03:09'),
(1252, 'aluno', 4, 2, '2022-03-18 12:05:09'),
(1253, 'aluno', 5, 2, '2022-03-18 13:06:09'),
(1254, 'aluno', 6, 2, '2022-03-18 13:11:09'),
(1255, 'aluno', 7, 2, '2022-03-18 12:12:09'),
(1256, 'aluno', 8, 2, '2022-03-18 12:08:09'),
(1257, 'aluno', 9, 2, '2022-03-18 13:01:09'),
(1258, 'aluno', 10, 2, '2022-03-18 13:14:09'),
(1259, 'aluno', 1, 1, '2022-03-21 07:00:09'),
(1260, 'aluno', 2, 1, '2022-03-21 07:10:09'),
(1261, 'aluno', 3, 1, '2022-03-21 07:03:09'),
(1262, 'aluno', 4, 1, '2022-03-21 07:05:09'),
(1263, 'aluno', 5, 1, '2022-03-21 07:06:09'),
(1264, 'aluno', 6, 1, '2022-03-21 07:11:09'),
(1265, 'aluno', 7, 1, '2022-03-21 07:12:09'),
(1266, 'aluno', 8, 1, '2022-03-21 07:08:09'),
(1267, 'aluno', 9, 1, '2022-03-21 07:01:09'),
(1268, 'aluno', 10, 1, '2022-03-21 12:14:09'),
(1269, 'aluno', 1, 2, '2022-03-21 12:00:09'),
(1270, 'aluno', 2, 2, '2022-03-21 12:10:09'),
(1271, 'aluno', 3, 2, '2022-03-21 12:03:09'),
(1272, 'aluno', 4, 2, '2022-03-21 12:05:09'),
(1273, 'aluno', 5, 2, '2022-03-21 13:06:09'),
(1274, 'aluno', 6, 2, '2022-03-21 13:11:09'),
(1275, 'aluno', 7, 2, '2022-03-21 12:12:09'),
(1276, 'aluno', 8, 2, '2022-03-21 12:08:09'),
(1277, 'aluno', 9, 2, '2022-03-21 13:01:09'),
(1278, 'aluno', 10, 2, '2022-03-21 13:14:09'),
(1279, 'aluno', 1, 1, '2022-03-22 07:00:09'),
(1280, 'aluno', 2, 1, '2022-03-22 07:10:09'),
(1281, 'aluno', 3, 1, '2022-03-22 07:03:09'),
(1282, 'aluno', 4, 1, '2022-03-22 07:05:09'),
(1283, 'aluno', 5, 1, '2022-03-22 07:06:09'),
(1284, 'aluno', 6, 1, '2022-03-22 07:11:09'),
(1285, 'aluno', 7, 1, '2022-03-22 07:12:09'),
(1286, 'aluno', 8, 1, '2022-03-22 07:08:09'),
(1287, 'aluno', 9, 1, '2022-03-22 07:01:09'),
(1288, 'aluno', 10, 1, '2022-03-22 12:14:09'),
(1289, 'aluno', 1, 2, '2022-03-22 12:00:09'),
(1290, 'aluno', 2, 2, '2022-03-22 12:10:09'),
(1291, 'aluno', 3, 2, '2022-03-22 12:03:09'),
(1292, 'aluno', 4, 2, '2022-03-22 12:05:09'),
(1293, 'aluno', 5, 2, '2022-03-22 13:06:09'),
(1294, 'aluno', 6, 2, '2022-03-22 13:11:09'),
(1295, 'aluno', 7, 2, '2022-03-22 12:12:09'),
(1296, 'aluno', 8, 2, '2022-03-22 12:08:09'),
(1297, 'aluno', 9, 2, '2022-03-22 13:01:09'),
(1298, 'aluno', 10, 2, '2022-03-22 13:14:09'),
(1299, 'aluno', 1, 1, '2022-03-23 07:00:09'),
(1300, 'aluno', 2, 1, '2022-03-23 07:10:09'),
(1301, 'aluno', 3, 1, '2022-03-23 07:03:09'),
(1302, 'aluno', 4, 1, '2022-03-23 07:05:09'),
(1303, 'aluno', 5, 1, '2022-03-23 07:06:09'),
(1304, 'aluno', 6, 1, '2022-03-23 07:11:09'),
(1305, 'aluno', 7, 1, '2022-03-23 07:12:09'),
(1306, 'aluno', 8, 1, '2022-03-23 07:08:09'),
(1307, 'aluno', 9, 1, '2022-03-23 07:01:09'),
(1308, 'aluno', 10, 1, '2022-03-23 12:14:09'),
(1309, 'aluno', 1, 2, '2022-03-23 12:00:09'),
(1310, 'aluno', 2, 2, '2022-03-23 12:10:09'),
(1311, 'aluno', 3, 2, '2022-03-23 12:03:09'),
(1312, 'aluno', 4, 2, '2022-03-23 12:05:09'),
(1313, 'aluno', 5, 2, '2022-03-23 13:06:09'),
(1314, 'aluno', 6, 2, '2022-03-23 13:11:09'),
(1315, 'aluno', 7, 2, '2022-03-23 12:12:09'),
(1316, 'aluno', 8, 2, '2022-03-23 12:08:09'),
(1317, 'aluno', 9, 2, '2022-03-23 13:01:09'),
(1318, 'aluno', 10, 2, '2022-03-23 13:14:09'),
(1319, 'aluno', 1, 1, '2022-03-24 07:00:09'),
(1320, 'aluno', 2, 1, '2022-03-24 07:10:09'),
(1321, 'aluno', 3, 1, '2022-03-24 07:03:09'),
(1322, 'aluno', 4, 1, '2022-03-24 07:05:09'),
(1323, 'aluno', 5, 1, '2022-03-24 07:06:09'),
(1324, 'aluno', 6, 1, '2022-03-24 07:11:09'),
(1325, 'aluno', 7, 1, '2022-03-24 07:12:09'),
(1326, 'aluno', 8, 1, '2022-03-24 07:08:09'),
(1327, 'aluno', 9, 1, '2022-03-24 07:01:09'),
(1328, 'aluno', 10, 1, '2022-03-24 12:14:09'),
(1329, 'aluno', 1, 2, '2022-03-24 12:00:09'),
(1330, 'aluno', 2, 2, '2022-03-24 12:10:09'),
(1331, 'aluno', 3, 2, '2022-03-24 12:03:09'),
(1332, 'aluno', 4, 2, '2022-03-24 12:05:09'),
(1333, 'aluno', 5, 2, '2022-03-24 13:06:09'),
(1334, 'aluno', 6, 2, '2022-03-24 13:11:09'),
(1335, 'aluno', 7, 2, '2022-03-24 12:12:09'),
(1336, 'aluno', 8, 2, '2022-03-24 12:08:09'),
(1337, 'aluno', 9, 2, '2022-03-24 13:01:09'),
(1338, 'aluno', 10, 2, '2022-03-24 13:14:09'),
(1339, 'aluno', 1, 1, '2022-03-25 07:00:09'),
(1340, 'aluno', 2, 1, '2022-03-25 07:10:09'),
(1341, 'aluno', 3, 1, '2022-03-25 07:03:09'),
(1342, 'aluno', 4, 1, '2022-03-25 07:05:09'),
(1343, 'aluno', 5, 1, '2022-03-25 07:06:09'),
(1344, 'aluno', 6, 1, '2022-03-25 07:11:09'),
(1345, 'aluno', 7, 1, '2022-03-25 07:12:09'),
(1346, 'aluno', 8, 1, '2022-03-25 07:08:09'),
(1347, 'aluno', 9, 1, '2022-03-25 07:01:09'),
(1348, 'aluno', 10, 1, '2022-03-25 12:14:09'),
(1349, 'aluno', 1, 2, '2022-03-25 12:00:09'),
(1350, 'aluno', 2, 2, '2022-03-25 12:10:09'),
(1351, 'aluno', 3, 2, '2022-03-25 12:03:09'),
(1352, 'aluno', 4, 2, '2022-03-25 12:05:09'),
(1353, 'aluno', 5, 2, '2022-03-25 13:06:09'),
(1354, 'aluno', 6, 2, '2022-03-25 13:11:09'),
(1355, 'aluno', 7, 2, '2022-03-25 12:12:09'),
(1356, 'aluno', 8, 2, '2022-03-25 12:08:09'),
(1357, 'aluno', 9, 2, '2022-03-25 13:01:09'),
(1358, 'aluno', 10, 2, '2022-03-25 13:14:09'),
(1359, 'aluno', 1, 1, '2022-03-26 07:00:09'),
(1360, 'aluno', 2, 1, '2022-03-26 07:10:09'),
(1361, 'aluno', 3, 1, '2022-03-26 07:03:09'),
(1362, 'aluno', 4, 1, '2022-03-26 07:05:09'),
(1363, 'aluno', 5, 1, '2022-03-26 07:06:09'),
(1364, 'aluno', 6, 1, '2022-03-26 07:11:09'),
(1365, 'aluno', 7, 1, '2022-03-26 07:12:09'),
(1366, 'aluno', 8, 1, '2022-03-26 07:08:09'),
(1367, 'aluno', 9, 1, '2022-03-26 07:01:09'),
(1368, 'aluno', 10, 1, '2022-03-26 12:14:09'),
(1369, 'aluno', 1, 2, '2022-03-26 12:00:09'),
(1370, 'aluno', 2, 2, '2022-03-26 12:10:09'),
(1371, 'aluno', 3, 2, '2022-03-26 12:03:09'),
(1372, 'aluno', 4, 2, '2022-03-26 12:05:09'),
(1373, 'aluno', 5, 2, '2022-03-26 13:06:09'),
(1374, 'aluno', 6, 2, '2022-03-26 13:11:09'),
(1375, 'aluno', 7, 2, '2022-03-26 12:12:09'),
(1376, 'aluno', 8, 2, '2022-03-26 12:08:09'),
(1377, 'aluno', 9, 2, '2022-03-26 13:01:09'),
(1378, 'aluno', 10, 2, '2022-03-26 13:14:09'),
(1379, 'aluno', 1, 1, '2022-03-28 07:00:09'),
(1380, 'aluno', 2, 1, '2022-03-28 07:10:09'),
(1381, 'aluno', 3, 1, '2022-03-28 07:03:09'),
(1382, 'aluno', 4, 1, '2022-03-28 07:05:09'),
(1383, 'aluno', 5, 1, '2022-03-28 07:06:09'),
(1384, 'aluno', 6, 1, '2022-03-28 07:11:09'),
(1385, 'aluno', 7, 1, '2022-03-28 07:12:09'),
(1386, 'aluno', 8, 1, '2022-03-28 07:08:09'),
(1387, 'aluno', 9, 1, '2022-03-28 07:01:09'),
(1388, 'aluno', 10, 1, '2022-03-28 12:14:09'),
(1389, 'aluno', 1, 2, '2022-03-28 12:00:09'),
(1390, 'aluno', 2, 2, '2022-03-28 12:10:09'),
(1391, 'aluno', 3, 2, '2022-03-28 12:03:09'),
(1392, 'aluno', 4, 2, '2022-03-28 12:05:09'),
(1393, 'aluno', 5, 2, '2022-03-28 13:06:09'),
(1394, 'aluno', 6, 2, '2022-03-28 13:11:09'),
(1395, 'aluno', 7, 2, '2022-03-28 12:12:09'),
(1396, 'aluno', 8, 2, '2022-03-28 12:08:09'),
(1397, 'aluno', 9, 2, '2022-03-28 13:01:09'),
(1398, 'aluno', 10, 2, '2022-03-28 13:14:09'),
(1399, 'aluno', 1, 1, '2022-03-29 07:00:09'),
(1400, 'aluno', 2, 1, '2022-03-29 07:10:09'),
(1401, 'aluno', 3, 1, '2022-03-29 07:03:09'),
(1402, 'aluno', 4, 1, '2022-03-29 07:05:09'),
(1403, 'aluno', 5, 1, '2022-03-29 07:06:09'),
(1404, 'aluno', 6, 1, '2022-03-29 07:11:09'),
(1405, 'aluno', 7, 1, '2022-03-29 07:12:09'),
(1406, 'aluno', 8, 1, '2022-03-29 07:08:09'),
(1407, 'aluno', 9, 1, '2022-03-29 07:01:09'),
(1408, 'aluno', 10, 1, '2022-03-29 12:14:09'),
(1409, 'aluno', 1, 2, '2022-03-29 12:00:09'),
(1410, 'aluno', 2, 2, '2022-03-29 12:10:09'),
(1411, 'aluno', 3, 2, '2022-03-29 12:03:09'),
(1412, 'aluno', 4, 2, '2022-03-29 12:05:09'),
(1413, 'aluno', 5, 2, '2022-03-29 13:06:09'),
(1414, 'aluno', 6, 2, '2022-03-29 13:11:09'),
(1415, 'aluno', 7, 2, '2022-03-29 12:12:09'),
(1416, 'aluno', 8, 2, '2022-03-29 12:08:09'),
(1417, 'aluno', 9, 2, '2022-03-29 13:01:09'),
(1418, 'aluno', 10, 2, '2022-03-29 13:14:09'),
(1419, 'aluno', 1, 1, '2022-03-30 07:00:09'),
(1420, 'aluno', 2, 1, '2022-03-30 07:10:09'),
(1421, 'aluno', 3, 1, '2022-03-30 07:03:09'),
(1422, 'aluno', 4, 1, '2022-03-30 07:05:09'),
(1423, 'aluno', 5, 1, '2022-03-30 07:06:09'),
(1424, 'aluno', 6, 1, '2022-03-30 07:11:09'),
(1425, 'aluno', 7, 1, '2022-03-30 07:12:09'),
(1426, 'aluno', 8, 1, '2022-03-30 07:08:09'),
(1427, 'aluno', 9, 1, '2022-03-30 07:01:09'),
(1428, 'aluno', 10, 1, '2022-03-30 12:14:09'),
(1429, 'aluno', 1, 2, '2022-03-30 12:00:09'),
(1430, 'aluno', 2, 2, '2022-03-30 12:10:09'),
(1431, 'aluno', 3, 2, '2022-03-30 12:03:09'),
(1432, 'aluno', 4, 2, '2022-03-30 12:05:09'),
(1433, 'aluno', 5, 2, '2022-03-30 13:06:09'),
(1434, 'aluno', 6, 2, '2022-03-30 13:11:09'),
(1435, 'aluno', 7, 2, '2022-03-30 12:12:09'),
(1436, 'aluno', 8, 2, '2022-03-30 12:08:09'),
(1437, 'aluno', 9, 2, '2022-03-30 13:01:09'),
(1438, 'aluno', 10, 2, '2022-03-30 13:14:09'),
(1439, 'aluno', 1, 1, '2022-03-31 07:00:09'),
(1440, 'aluno', 2, 1, '2022-03-31 07:10:09'),
(1441, 'aluno', 3, 1, '2022-03-31 07:03:09'),
(1442, 'aluno', 4, 1, '2022-03-31 07:05:09'),
(1443, 'aluno', 5, 1, '2022-03-31 07:06:09'),
(1444, 'aluno', 6, 1, '2022-03-31 07:11:09'),
(1445, 'aluno', 7, 1, '2022-03-31 07:12:09'),
(1446, 'aluno', 8, 1, '2022-03-31 07:08:09'),
(1447, 'aluno', 9, 1, '2022-03-31 07:01:09'),
(1448, 'aluno', 10, 1, '2022-03-31 12:14:09'),
(1449, 'aluno', 1, 2, '2022-03-31 12:00:09'),
(1450, 'aluno', 2, 2, '2022-03-31 12:10:09'),
(1451, 'aluno', 3, 2, '2022-03-31 12:03:09'),
(1452, 'aluno', 4, 2, '2022-03-31 12:05:09'),
(1453, 'aluno', 5, 2, '2022-03-31 13:06:09'),
(1454, 'aluno', 6, 2, '2022-03-31 13:11:09'),
(1455, 'aluno', 7, 2, '2022-03-31 12:12:09'),
(1456, 'aluno', 8, 2, '2022-03-31 12:08:09'),
(1457, 'aluno', 9, 2, '2022-03-31 13:01:09'),
(1458, 'aluno', 10, 2, '2022-03-31 13:14:09'),
(1459, 'aluno', 1, 1, '2022-04-01 07:00:09'),
(1460, 'aluno', 2, 1, '2022-04-01 07:10:09'),
(1461, 'aluno', 3, 1, '2022-04-01 07:03:09'),
(1462, 'aluno', 4, 1, '2022-04-01 07:05:09'),
(1463, 'aluno', 5, 1, '2022-04-01 07:06:09'),
(1464, 'aluno', 6, 1, '2022-04-01 07:11:09'),
(1465, 'aluno', 7, 1, '2022-04-01 07:12:09'),
(1466, 'aluno', 8, 1, '2022-04-01 07:08:09'),
(1467, 'aluno', 9, 1, '2022-04-01 07:01:09'),
(1468, 'aluno', 10, 1, '2022-04-01 12:14:09'),
(1469, 'aluno', 1, 2, '2022-04-01 12:00:09'),
(1470, 'aluno', 2, 2, '2022-04-01 12:10:09'),
(1471, 'aluno', 3, 2, '2022-04-01 12:03:09'),
(1472, 'aluno', 4, 2, '2022-04-01 12:05:09'),
(1473, 'aluno', 5, 2, '2022-04-01 13:06:09'),
(1474, 'aluno', 6, 2, '2022-04-01 13:11:09'),
(1475, 'aluno', 7, 2, '2022-04-01 12:12:09'),
(1476, 'aluno', 8, 2, '2022-04-01 12:08:09'),
(1477, 'aluno', 9, 2, '2022-04-01 13:01:09'),
(1478, 'aluno', 10, 2, '2022-04-01 13:14:09'),
(1479, 'aluno', 1, 1, '2022-04-02 07:00:09'),
(1480, 'aluno', 2, 1, '2022-04-02 07:10:09'),
(1481, 'aluno', 3, 1, '2022-04-02 07:03:09'),
(1482, 'aluno', 4, 1, '2022-04-02 07:05:09'),
(1483, 'aluno', 5, 1, '2022-04-02 07:06:09'),
(1484, 'aluno', 6, 1, '2022-04-02 07:11:09'),
(1485, 'aluno', 7, 1, '2022-04-02 07:12:09'),
(1486, 'aluno', 8, 1, '2022-04-02 07:08:09'),
(1487, 'aluno', 9, 1, '2022-04-02 07:01:09'),
(1488, 'aluno', 10, 1, '2022-04-02 12:14:09'),
(1489, 'aluno', 1, 2, '2022-04-02 12:00:09'),
(1490, 'aluno', 2, 2, '2022-04-02 12:10:09'),
(1491, 'aluno', 3, 2, '2022-04-02 12:03:09'),
(1492, 'aluno', 4, 2, '2022-04-02 12:05:09'),
(1493, 'aluno', 5, 2, '2022-04-02 13:06:09'),
(1494, 'aluno', 6, 2, '2022-04-02 13:11:09'),
(1495, 'aluno', 7, 2, '2022-04-02 12:12:09'),
(1496, 'aluno', 8, 2, '2022-04-02 12:08:09'),
(1497, 'aluno', 9, 2, '2022-04-02 13:01:09'),
(1498, 'aluno', 10, 2, '2022-04-02 13:14:09'),
(1499, 'aluno', 1, 1, '2022-04-04 07:00:09'),
(1500, 'aluno', 2, 1, '2022-04-04 07:10:09'),
(1501, 'aluno', 3, 1, '2022-04-04 07:03:09'),
(1502, 'aluno', 4, 1, '2022-04-04 07:05:09'),
(1503, 'aluno', 5, 1, '2022-04-04 07:06:09'),
(1504, 'aluno', 6, 1, '2022-04-04 07:11:09'),
(1505, 'aluno', 7, 1, '2022-04-04 07:12:09'),
(1506, 'aluno', 8, 1, '2022-04-04 07:08:09'),
(1507, 'aluno', 9, 1, '2022-04-04 07:01:09'),
(1508, 'aluno', 10, 1, '2022-04-04 12:14:09'),
(1509, 'aluno', 1, 2, '2022-04-04 12:00:09'),
(1510, 'aluno', 2, 2, '2022-04-04 12:10:09'),
(1511, 'aluno', 3, 2, '2022-04-04 12:03:09'),
(1512, 'aluno', 4, 2, '2022-04-04 12:05:09'),
(1513, 'aluno', 5, 2, '2022-04-04 13:06:09'),
(1514, 'aluno', 6, 2, '2022-04-04 13:11:09'),
(1515, 'aluno', 7, 2, '2022-04-04 12:12:09'),
(1516, 'aluno', 8, 2, '2022-04-04 12:08:09'),
(1517, 'aluno', 9, 2, '2022-04-04 13:01:09'),
(1518, 'aluno', 10, 2, '2022-04-04 13:14:09'),
(1519, 'aluno', 1, 1, '2022-04-05 07:00:09'),
(1520, 'aluno', 2, 1, '2022-04-05 07:10:09'),
(1521, 'aluno', 3, 1, '2022-04-05 07:03:09'),
(1522, 'aluno', 4, 1, '2022-04-05 07:05:09'),
(1523, 'aluno', 5, 1, '2022-04-05 07:06:09'),
(1524, 'aluno', 6, 1, '2022-04-05 07:11:09'),
(1525, 'aluno', 7, 1, '2022-04-05 07:12:09'),
(1526, 'aluno', 8, 1, '2022-04-05 07:08:09'),
(1527, 'aluno', 9, 1, '2022-04-05 07:01:09'),
(1528, 'aluno', 10, 1, '2022-04-05 12:14:09'),
(1529, 'aluno', 1, 2, '2022-04-05 12:00:09'),
(1530, 'aluno', 2, 2, '2022-04-05 12:10:09'),
(1531, 'aluno', 3, 2, '2022-04-05 12:03:09'),
(1532, 'aluno', 4, 2, '2022-04-05 12:05:09'),
(1533, 'aluno', 5, 2, '2022-04-05 13:06:09'),
(1534, 'aluno', 6, 2, '2022-04-05 13:11:09'),
(1535, 'aluno', 7, 2, '2022-04-05 12:12:09'),
(1536, 'aluno', 8, 2, '2022-04-05 12:08:09'),
(1537, 'aluno', 9, 2, '2022-04-05 13:01:09'),
(1538, 'aluno', 10, 2, '2022-04-05 13:14:09'),
(1539, 'aluno', 1, 1, '2022-04-06 07:00:09'),
(1540, 'aluno', 2, 1, '2022-04-06 07:10:09'),
(1541, 'aluno', 3, 1, '2022-04-06 07:03:09'),
(1542, 'aluno', 4, 1, '2022-04-06 07:05:09'),
(1543, 'aluno', 5, 1, '2022-04-06 07:06:09'),
(1544, 'aluno', 6, 1, '2022-04-06 07:11:09'),
(1545, 'aluno', 7, 1, '2022-04-06 07:12:09'),
(1546, 'aluno', 8, 1, '2022-04-06 07:08:09'),
(1547, 'aluno', 9, 1, '2022-04-06 07:01:09'),
(1548, 'aluno', 10, 1, '2022-04-06 12:14:09'),
(1549, 'aluno', 1, 2, '2022-04-06 12:00:09'),
(1550, 'aluno', 2, 2, '2022-04-06 12:10:09'),
(1551, 'aluno', 3, 2, '2022-04-06 12:03:09'),
(1552, 'aluno', 4, 2, '2022-04-06 12:05:09'),
(1553, 'aluno', 5, 2, '2022-04-06 13:06:09'),
(1554, 'aluno', 6, 2, '2022-04-06 13:11:09'),
(1555, 'aluno', 7, 2, '2022-04-06 12:12:09'),
(1556, 'aluno', 8, 2, '2022-04-06 12:08:09'),
(1557, 'aluno', 9, 2, '2022-04-06 13:01:09'),
(1558, 'aluno', 10, 2, '2022-04-06 13:14:09'),
(1559, 'aluno', 1, 1, '2022-04-06 07:00:09'),
(1560, 'aluno', 2, 1, '2022-04-06 07:10:09'),
(1561, 'aluno', 3, 1, '2022-04-06 07:03:09'),
(1562, 'aluno', 4, 1, '2022-04-06 07:05:09'),
(1563, 'aluno', 5, 1, '2022-04-06 07:06:09'),
(1564, 'aluno', 6, 1, '2022-04-06 07:11:09'),
(1565, 'aluno', 7, 1, '2022-04-06 07:12:09'),
(1566, 'aluno', 8, 1, '2022-04-06 07:08:09'),
(1567, 'aluno', 9, 1, '2022-04-06 07:01:09'),
(1568, 'aluno', 10, 1, '2022-04-06 12:14:09'),
(1569, 'aluno', 1, 2, '2022-04-06 12:00:09'),
(1570, 'aluno', 2, 2, '2022-04-06 12:10:09'),
(1571, 'aluno', 3, 2, '2022-04-06 12:03:09'),
(1572, 'aluno', 4, 2, '2022-04-06 12:05:09'),
(1573, 'aluno', 5, 2, '2022-04-06 13:06:09'),
(1574, 'aluno', 6, 2, '2022-04-06 13:11:09'),
(1575, 'aluno', 7, 2, '2022-04-06 12:12:09'),
(1576, 'aluno', 8, 2, '2022-04-06 12:08:09'),
(1577, 'aluno', 9, 2, '2022-04-06 13:01:09'),
(1578, 'aluno', 10, 2, '2022-04-06 13:14:09'),
(1579, 'aluno', 1, 1, '2022-04-07 07:00:09'),
(1580, 'aluno', 2, 1, '2022-04-07 07:10:09'),
(1581, 'aluno', 3, 1, '2022-04-07 07:03:09'),
(1582, 'aluno', 4, 1, '2022-04-07 07:05:09'),
(1583, 'aluno', 5, 1, '2022-04-07 07:06:09'),
(1584, 'aluno', 6, 1, '2022-04-07 07:11:09'),
(1585, 'aluno', 7, 1, '2022-04-07 07:12:09'),
(1586, 'aluno', 8, 1, '2022-04-07 07:08:09'),
(1587, 'aluno', 9, 1, '2022-04-07 07:01:09'),
(1588, 'aluno', 10, 1, '2022-04-07 12:14:09'),
(1589, 'aluno', 1, 2, '2022-04-07 12:00:09'),
(1590, 'aluno', 2, 2, '2022-04-07 12:10:09'),
(1591, 'aluno', 3, 2, '2022-04-07 12:03:09'),
(1592, 'aluno', 4, 2, '2022-04-07 12:05:09'),
(1593, 'aluno', 5, 2, '2022-04-07 13:06:09'),
(1594, 'aluno', 6, 2, '2022-04-07 13:11:09'),
(1595, 'aluno', 7, 2, '2022-04-07 12:12:09'),
(1596, 'aluno', 8, 2, '2022-04-07 12:08:09'),
(1597, 'aluno', 9, 2, '2022-04-07 13:01:09'),
(1598, 'aluno', 10, 2, '2022-04-07 13:14:09'),
(1599, 'aluno', 1, 1, '2022-04-08 07:00:09'),
(1600, 'aluno', 2, 1, '2022-04-08 07:10:09'),
(1601, 'aluno', 3, 1, '2022-04-08 07:03:09'),
(1602, 'aluno', 4, 1, '2022-04-08 07:05:09'),
(1603, 'aluno', 5, 1, '2022-04-08 07:06:09'),
(1604, 'aluno', 6, 1, '2022-04-08 07:11:09'),
(1605, 'aluno', 7, 1, '2022-04-08 07:12:09'),
(1606, 'aluno', 8, 1, '2022-04-08 07:08:09'),
(1607, 'aluno', 9, 1, '2022-04-08 07:01:09'),
(1608, 'aluno', 10, 1, '0000-00-00 00:00:00'),
(1609, 'aluno', 1, 2, '2022-04-08 12:00:09'),
(1610, 'aluno', 2, 2, '2022-04-08 12:10:09'),
(1611, 'aluno', 3, 2, '2022-04-08 12:03:09'),
(1612, 'aluno', 4, 2, '2022-04-08 12:05:09'),
(1613, 'aluno', 5, 2, '2022-04-08 13:06:09'),
(1614, 'aluno', 6, 2, '2022-04-08 13:11:09'),
(1615, 'aluno', 7, 2, '2022-04-08 12:12:09'),
(1616, 'aluno', 8, 2, '2022-04-08 12:08:09'),
(1617, 'aluno', 9, 2, '2022-04-08 13:01:09'),
(1618, 'aluno', 10, 2, '2022-04-08 13:14:09'),
(1619, 'aluno', 1, 1, '2022-04-11 07:00:09'),
(1620, 'aluno', 2, 1, '2022-04-11 07:10:09'),
(1621, 'aluno', 3, 1, '2022-04-11 07:03:09'),
(1622, 'aluno', 4, 1, '2022-04-11 07:05:09'),
(1623, 'aluno', 5, 1, '2022-04-11 07:06:09'),
(1624, 'aluno', 6, 1, '2022-04-11 07:11:09'),
(1625, 'aluno', 7, 1, '2022-04-11 07:12:09'),
(1626, 'aluno', 8, 1, '2022-04-11 07:08:09'),
(1627, 'aluno', 9, 1, '2022-04-11 07:01:09'),
(1628, 'aluno', 10, 1, '2022-04-11 12:14:09'),
(1629, 'aluno', 1, 2, '2022-04-11 12:00:09'),
(1630, 'aluno', 2, 2, '2022-04-11 12:10:09'),
(1631, 'aluno', 3, 2, '2022-04-11 12:03:09'),
(1632, 'aluno', 4, 2, '2022-04-11 12:05:09'),
(1633, 'aluno', 5, 2, '2022-04-11 13:06:09'),
(1634, 'aluno', 6, 2, '2022-04-11 13:11:09'),
(1635, 'aluno', 7, 2, '2022-04-11 12:12:09'),
(1636, 'aluno', 8, 2, '2022-04-11 12:08:09'),
(1637, 'aluno', 9, 2, '2022-04-11 13:01:09'),
(1638, 'aluno', 10, 2, '2022-04-11 13:14:09'),
(1639, 'aluno', 1, 1, '2022-04-12 07:00:09'),
(1640, 'aluno', 2, 1, '2022-04-12 07:10:09'),
(1641, 'aluno', 3, 1, '2022-04-12 07:03:09'),
(1642, 'aluno', 4, 1, '2022-04-12 07:05:09'),
(1643, 'aluno', 5, 1, '2022-04-12 07:06:09'),
(1644, 'aluno', 6, 1, '2022-04-12 07:11:09'),
(1645, 'aluno', 7, 1, '2022-04-12 07:12:09'),
(1646, 'aluno', 8, 1, '2022-04-12 07:08:09'),
(1647, 'aluno', 9, 1, '2022-04-12 07:01:09'),
(1648, 'aluno', 10, 1, '2022-04-12 12:14:09'),
(1649, 'aluno', 1, 2, '2022-04-12 12:00:09'),
(1650, 'aluno', 2, 2, '2022-04-12 12:10:09'),
(1651, 'aluno', 3, 2, '2022-04-12 12:03:09'),
(1652, 'aluno', 4, 2, '2022-04-12 12:05:09'),
(1653, 'aluno', 5, 2, '2022-04-12 13:06:09'),
(1654, 'aluno', 6, 2, '2022-04-12 13:11:09'),
(1655, 'aluno', 7, 2, '2022-04-12 12:12:09'),
(1656, 'aluno', 8, 2, '2022-04-12 12:08:09'),
(1657, 'aluno', 9, 2, '2022-04-12 13:01:09'),
(1658, 'aluno', 10, 2, '2022-04-12 13:14:09'),
(1659, 'aluno', 1, 1, '2022-04-13 07:00:09'),
(1660, 'aluno', 2, 1, '2022-04-13 07:10:09'),
(1661, 'aluno', 3, 1, '2022-04-13 07:03:09'),
(1662, 'aluno', 4, 1, '2022-04-13 07:05:09'),
(1663, 'aluno', 5, 1, '2022-04-13 07:06:09'),
(1664, 'aluno', 6, 1, '2022-04-13 07:11:09'),
(1665, 'aluno', 7, 1, '2022-04-13 07:12:09'),
(1666, 'aluno', 8, 1, '2022-04-13 07:08:09'),
(1667, 'aluno', 9, 1, '2022-04-13 07:01:09'),
(1668, 'aluno', 10, 1, '2022-04-13 12:14:09'),
(1669, 'aluno', 1, 2, '2022-04-13 12:00:09'),
(1670, 'aluno', 2, 2, '2022-04-13 12:10:09'),
(1671, 'aluno', 3, 2, '2022-04-13 12:03:09'),
(1672, 'aluno', 4, 2, '2022-04-13 12:05:09'),
(1673, 'aluno', 5, 2, '2022-04-13 13:06:09'),
(1674, 'aluno', 6, 2, '2022-04-13 13:11:09'),
(1675, 'aluno', 7, 2, '2022-04-13 12:12:09'),
(1676, 'aluno', 8, 2, '2022-04-13 12:08:09'),
(1677, 'aluno', 9, 2, '2022-04-13 13:01:09'),
(1678, 'aluno', 10, 2, '2022-04-13 13:14:09'),
(1679, 'aluno', 1, 1, '2022-04-14 07:00:09'),
(1680, 'aluno', 2, 1, '2022-04-14 07:10:09'),
(1681, 'aluno', 3, 1, '2022-04-14 07:03:09'),
(1682, 'aluno', 4, 1, '2022-04-14 07:05:09'),
(1683, 'aluno', 5, 1, '2022-04-14 07:06:09'),
(1684, 'aluno', 6, 1, '2022-04-14 07:11:09'),
(1685, 'aluno', 7, 1, '2022-04-14 07:12:09'),
(1686, 'aluno', 8, 1, '2022-04-14 07:08:09'),
(1687, 'aluno', 9, 1, '2022-04-14 07:01:09'),
(1688, 'aluno', 10, 1, '2022-04-14 12:14:09'),
(1689, 'aluno', 1, 2, '2022-04-14 12:00:09'),
(1690, 'aluno', 2, 2, '2022-04-14 12:10:09'),
(1691, 'aluno', 3, 2, '2022-04-14 12:03:09'),
(1692, 'aluno', 4, 2, '2022-04-14 12:05:09'),
(1693, 'aluno', 5, 2, '2022-04-14 13:06:09'),
(1694, 'aluno', 6, 2, '2022-04-14 13:11:09'),
(1695, 'aluno', 7, 2, '2022-04-14 12:12:09'),
(1696, 'aluno', 8, 2, '2022-04-14 12:08:09'),
(1697, 'aluno', 9, 2, '2022-04-14 13:01:09'),
(1698, 'aluno', 10, 2, '2022-04-14 13:14:09'),
(1699, 'aluno', 1, 1, '2022-04-15 07:00:09'),
(1700, 'aluno', 2, 1, '2022-04-15 07:10:09');
INSERT INTO `registros` (`id`, `tipo`, `idaluno`, `tipo_registro`, `data_criacao`) VALUES
(1701, 'aluno', 3, 1, '2022-04-15 07:03:09'),
(1702, 'aluno', 4, 1, '2022-04-15 07:05:09'),
(1703, 'aluno', 5, 1, '2022-04-15 07:06:09'),
(1704, 'aluno', 6, 1, '2022-04-15 07:11:09'),
(1705, 'aluno', 7, 1, '2022-04-15 07:12:09'),
(1706, 'aluno', 8, 1, '2022-04-15 07:08:09'),
(1707, 'aluno', 9, 1, '2022-04-15 07:01:09'),
(1708, 'aluno', 10, 1, '2022-04-15 12:14:09'),
(1709, 'aluno', 1, 2, '2022-04-15 12:00:09'),
(1710, 'aluno', 2, 2, '2022-04-15 12:10:09'),
(1711, 'aluno', 3, 2, '2022-04-15 12:03:09'),
(1712, 'aluno', 4, 2, '2022-04-15 12:05:09'),
(1713, 'aluno', 5, 2, '2022-04-15 13:06:09'),
(1714, 'aluno', 6, 2, '2022-04-15 13:11:09'),
(1715, 'aluno', 7, 2, '2022-04-15 12:12:09'),
(1716, 'aluno', 8, 2, '2022-04-15 12:08:09'),
(1717, 'aluno', 9, 2, '2022-04-15 13:01:09'),
(1718, 'aluno', 10, 2, '2022-04-15 13:14:09'),
(1719, 'aluno', 1, 1, '2022-04-18 07:00:09'),
(1720, 'aluno', 2, 1, '2022-04-18 07:10:09'),
(1721, 'aluno', 3, 1, '2022-04-18 07:03:09'),
(1722, 'aluno', 4, 1, '2022-04-18 07:05:09'),
(1723, 'aluno', 5, 1, '2022-04-18 07:06:09'),
(1724, 'aluno', 6, 1, '2022-04-18 07:11:09'),
(1725, 'aluno', 7, 1, '2022-04-18 07:12:09'),
(1726, 'aluno', 8, 1, '2022-04-18 07:08:09'),
(1727, 'aluno', 9, 1, '2022-04-18 07:01:09'),
(1728, 'aluno', 10, 1, '2022-04-18 12:14:09'),
(1729, 'aluno', 1, 2, '2022-04-18 12:00:09'),
(1730, 'aluno', 2, 2, '2022-04-18 12:10:09'),
(1731, 'aluno', 3, 2, '2022-04-18 12:03:09'),
(1732, 'aluno', 4, 2, '2022-04-18 12:05:09'),
(1733, 'aluno', 5, 2, '2022-04-18 13:06:09'),
(1734, 'aluno', 6, 2, '2022-04-18 13:11:09'),
(1735, 'aluno', 7, 2, '2022-04-18 12:12:09'),
(1736, 'aluno', 8, 2, '2022-04-18 12:08:09'),
(1737, 'aluno', 9, 2, '2022-04-18 13:01:09'),
(1738, 'aluno', 10, 2, '2022-04-18 13:14:09'),
(1739, 'aluno', 1, 1, '2022-04-19 07:00:09'),
(1740, 'aluno', 2, 1, '2022-04-19 07:10:09'),
(1741, 'aluno', 3, 1, '2022-04-19 07:03:09'),
(1742, 'aluno', 4, 1, '2022-04-19 07:05:09'),
(1743, 'aluno', 5, 1, '2022-04-19 07:06:09'),
(1744, 'aluno', 6, 1, '2022-04-19 07:11:09'),
(1745, 'aluno', 7, 1, '2022-04-19 07:12:09'),
(1746, 'aluno', 8, 1, '2022-04-19 07:08:09'),
(1747, 'aluno', 9, 1, '2022-04-19 07:01:09'),
(1748, 'aluno', 10, 1, '2022-04-19 12:14:09'),
(1749, 'aluno', 1, 2, '2022-04-19 12:00:09'),
(1750, 'aluno', 2, 2, '2022-04-19 12:10:09'),
(1751, 'aluno', 3, 2, '2022-04-19 12:03:09'),
(1752, 'aluno', 4, 2, '2022-04-19 12:05:09'),
(1753, 'aluno', 5, 2, '2022-04-19 13:06:09'),
(1754, 'aluno', 6, 2, '2022-04-19 13:11:09'),
(1755, 'aluno', 7, 2, '2022-04-19 12:12:09'),
(1756, 'aluno', 8, 2, '2022-04-19 12:08:09'),
(1757, 'aluno', 9, 2, '2022-04-19 13:01:09'),
(1758, 'aluno', 10, 2, '2022-04-19 13:14:09'),
(1759, 'aluno', 1, 1, '2022-04-20 07:00:09'),
(1760, 'aluno', 2, 1, '2022-04-20 07:10:09'),
(1761, 'aluno', 3, 1, '2022-04-20 07:03:09'),
(1762, 'aluno', 4, 1, '2022-04-20 07:05:09'),
(1763, 'aluno', 5, 1, '2022-04-20 07:06:09'),
(1764, 'aluno', 6, 1, '2022-04-20 07:11:09'),
(1765, 'aluno', 7, 1, '2022-04-20 07:12:09'),
(1766, 'aluno', 8, 1, '2022-04-20 07:08:09'),
(1767, 'aluno', 9, 1, '2022-04-20 07:01:09'),
(1768, 'aluno', 10, 1, '2022-04-20 12:14:09'),
(1769, 'aluno', 1, 2, '2022-04-20 12:00:09'),
(1770, 'aluno', 2, 2, '2022-04-20 12:10:09'),
(1771, 'aluno', 3, 2, '2022-04-20 12:03:09'),
(1772, 'aluno', 4, 2, '2022-04-20 12:05:09'),
(1773, 'aluno', 5, 2, '2022-04-20 13:06:09'),
(1774, 'aluno', 6, 2, '2022-04-20 13:11:09'),
(1775, 'aluno', 7, 2, '2022-04-20 12:12:09'),
(1776, 'aluno', 8, 2, '2022-04-20 12:08:09'),
(1777, 'aluno', 9, 2, '2022-04-20 13:01:09'),
(1778, 'aluno', 10, 2, '2022-04-20 13:14:09'),
(1779, 'aluno', 1, 1, '2022-04-21 07:00:09'),
(1780, 'aluno', 2, 1, '2022-04-21 07:10:09'),
(1781, 'aluno', 3, 1, '2022-04-21 07:03:09'),
(1782, 'aluno', 4, 1, '2022-04-21 07:05:09'),
(1783, 'aluno', 5, 1, '2022-04-21 07:06:09'),
(1784, 'aluno', 6, 1, '2022-04-21 07:11:09'),
(1785, 'aluno', 7, 1, '2022-04-21 07:12:09'),
(1786, 'aluno', 8, 1, '2022-04-21 07:08:09'),
(1787, 'aluno', 9, 1, '2022-04-21 07:01:09'),
(1788, 'aluno', 10, 1, '2022-04-21 12:14:09'),
(1789, 'aluno', 1, 2, '2022-04-21 12:00:09'),
(1790, 'aluno', 2, 2, '2022-04-21 12:10:09'),
(1791, 'aluno', 3, 2, '2022-04-21 12:03:09'),
(1792, 'aluno', 4, 2, '2022-04-21 12:05:09'),
(1793, 'aluno', 5, 2, '2022-04-21 13:06:09'),
(1794, 'aluno', 6, 2, '2022-04-21 13:11:09'),
(1795, 'aluno', 7, 2, '2022-04-21 12:12:09'),
(1796, 'aluno', 8, 2, '2022-04-21 12:08:09'),
(1797, 'aluno', 9, 2, '2022-04-21 13:01:09'),
(1798, 'aluno', 10, 2, '2022-04-21 13:14:09'),
(1799, 'aluno', 1, 1, '2022-04-22 07:00:09'),
(1800, 'aluno', 2, 1, '2022-04-22 07:10:09'),
(1801, 'aluno', 3, 1, '2022-04-22 07:03:09'),
(1802, 'aluno', 4, 1, '2022-04-22 07:05:09'),
(1803, 'aluno', 5, 1, '2022-04-22 07:06:09'),
(1804, 'aluno', 6, 1, '2022-04-22 07:11:09'),
(1805, 'aluno', 7, 1, '2022-04-22 07:12:09'),
(1806, 'aluno', 8, 1, '2022-04-22 07:08:09'),
(1807, 'aluno', 9, 1, '2022-04-22 07:01:09'),
(1808, 'aluno', 10, 1, '2022-04-22 12:14:09'),
(1809, 'aluno', 1, 2, '2022-04-22 12:00:09'),
(1810, 'aluno', 2, 2, '2022-04-22 12:10:09'),
(1811, 'aluno', 3, 2, '2022-04-22 12:03:09'),
(1812, 'aluno', 4, 2, '2022-04-22 12:05:09'),
(1813, 'aluno', 5, 2, '2022-04-22 13:06:09'),
(1814, 'aluno', 6, 2, '2022-04-22 13:11:09'),
(1815, 'aluno', 7, 2, '2022-04-22 12:12:09'),
(1816, 'aluno', 8, 2, '2022-04-22 12:08:09'),
(1817, 'aluno', 9, 2, '2022-04-22 13:01:09'),
(1818, 'aluno', 10, 2, '2022-04-22 13:14:09'),
(1819, 'aluno', 1, 1, '2022-04-25 07:00:09'),
(1820, 'aluno', 2, 1, '2022-04-25 07:10:09'),
(1821, 'aluno', 3, 1, '2022-04-25 07:03:09'),
(1822, 'aluno', 4, 1, '2022-04-25 07:05:09'),
(1823, 'aluno', 5, 1, '2022-04-25 07:06:09'),
(1824, 'aluno', 6, 1, '2022-04-25 07:11:09'),
(1825, 'aluno', 7, 1, '2022-04-25 07:12:09'),
(1826, 'aluno', 8, 1, '2022-04-25 07:08:09'),
(1827, 'aluno', 9, 1, '2022-04-25 07:01:09'),
(1828, 'aluno', 10, 1, '2022-04-25 12:14:09'),
(1829, 'aluno', 1, 2, '2022-04-25 12:00:09'),
(1830, 'aluno', 2, 2, '2022-04-25 12:10:09'),
(1831, 'aluno', 3, 2, '2022-04-25 12:03:09'),
(1832, 'aluno', 4, 2, '2022-04-25 12:05:09'),
(1833, 'aluno', 5, 2, '2022-04-25 13:06:09'),
(1834, 'aluno', 6, 2, '2022-04-25 13:11:09'),
(1835, 'aluno', 7, 2, '2022-04-25 12:12:09'),
(1836, 'aluno', 8, 2, '2022-04-25 12:08:09'),
(1837, 'aluno', 9, 2, '2022-04-25 13:01:09'),
(1838, 'aluno', 10, 2, '2022-04-25 13:14:09'),
(1839, 'aluno', 1, 1, '2022-04-26 07:00:09'),
(1840, 'aluno', 2, 1, '2022-04-26 07:10:09'),
(1841, 'aluno', 3, 1, '2022-04-26 07:03:09'),
(1842, 'aluno', 4, 1, '2022-04-26 07:05:09'),
(1843, 'aluno', 5, 1, '2022-04-26 07:06:09'),
(1844, 'aluno', 6, 1, '2022-04-26 07:11:09'),
(1845, 'aluno', 7, 1, '2022-04-26 07:12:09'),
(1846, 'aluno', 8, 1, '2022-04-26 07:08:09'),
(1847, 'aluno', 9, 1, '2022-04-26 07:01:09'),
(1848, 'aluno', 10, 1, '2022-04-26 12:14:09'),
(1849, 'aluno', 1, 2, '2022-04-26 12:00:09'),
(1850, 'aluno', 2, 2, '2022-04-26 12:10:09'),
(1851, 'aluno', 3, 2, '2022-04-26 12:03:09'),
(1852, 'aluno', 4, 2, '2022-04-26 12:05:09'),
(1853, 'aluno', 5, 2, '2022-04-26 13:06:09'),
(1854, 'aluno', 6, 2, '2022-04-26 13:11:09'),
(1855, 'aluno', 7, 2, '2022-04-26 12:12:09'),
(1856, 'aluno', 8, 2, '2022-04-26 12:08:09'),
(1857, 'aluno', 9, 2, '2022-04-26 13:01:09'),
(1858, 'aluno', 10, 2, '2022-04-26 13:14:09'),
(1859, 'aluno', 1, 1, '2022-04-27 07:00:09'),
(1860, 'aluno', 2, 1, '2022-04-27 07:10:09'),
(1861, 'aluno', 3, 1, '2022-04-27 07:03:09'),
(1862, 'aluno', 4, 1, '2022-04-27 07:05:09'),
(1863, 'aluno', 5, 1, '2022-04-27 07:06:09'),
(1864, 'aluno', 6, 1, '2022-04-27 07:11:09'),
(1865, 'aluno', 7, 1, '2022-04-27 07:12:09'),
(1866, 'aluno', 8, 1, '2022-04-27 07:08:09'),
(1867, 'aluno', 9, 1, '2022-04-27 07:01:09'),
(1868, 'aluno', 10, 1, '2022-04-27 12:14:09'),
(1869, 'aluno', 1, 2, '2022-04-27 12:00:09'),
(1870, 'aluno', 2, 2, '2022-04-27 12:10:09'),
(1871, 'aluno', 3, 2, '2022-04-27 12:03:09'),
(1872, 'aluno', 4, 2, '2022-04-27 12:05:09'),
(1873, 'aluno', 5, 2, '2022-04-27 13:06:09'),
(1874, 'aluno', 6, 2, '2022-04-27 13:11:09'),
(1875, 'aluno', 7, 2, '2022-04-27 12:12:09'),
(1876, 'aluno', 8, 2, '2022-04-27 12:08:09'),
(1877, 'aluno', 9, 2, '2022-04-27 13:01:09'),
(1878, 'aluno', 10, 2, '2022-04-27 13:14:09'),
(1879, 'aluno', 1, 1, '2022-04-28 07:00:09'),
(1880, 'aluno', 2, 1, '2022-04-28 07:10:09'),
(1881, 'aluno', 3, 1, '2022-04-28 07:03:09'),
(1882, 'aluno', 4, 1, '2022-04-28 07:05:09'),
(1883, 'aluno', 5, 1, '2022-04-28 07:06:09'),
(1884, 'aluno', 6, 1, '2022-04-28 07:11:09'),
(1885, 'aluno', 7, 1, '2022-04-28 07:12:09'),
(1886, 'aluno', 8, 1, '2022-04-28 07:08:09'),
(1887, 'aluno', 9, 1, '2022-04-28 07:01:09'),
(1888, 'aluno', 10, 1, '2022-04-28 12:14:09'),
(1889, 'aluno', 1, 2, '2022-04-28 12:00:09'),
(1890, 'aluno', 2, 2, '2022-04-28 12:10:09'),
(1891, 'aluno', 3, 2, '2022-04-28 12:03:09'),
(1892, 'aluno', 4, 2, '2022-04-28 12:05:09'),
(1893, 'aluno', 5, 2, '2022-04-28 13:06:09'),
(1894, 'aluno', 6, 2, '2022-04-28 13:11:09'),
(1895, 'aluno', 7, 2, '2022-04-28 12:12:09'),
(1896, 'aluno', 8, 2, '2022-04-28 12:08:09'),
(1897, 'aluno', 9, 2, '2022-04-28 13:01:09'),
(1898, 'aluno', 10, 2, '2022-04-28 13:14:09'),
(1899, 'aluno', 1, 1, '2022-04-29 07:00:09'),
(1900, 'aluno', 2, 1, '2022-04-29 07:10:09'),
(1901, 'aluno', 3, 1, '2022-04-29 07:03:09'),
(1902, 'aluno', 4, 1, '2022-04-29 07:05:09'),
(1903, 'aluno', 5, 1, '2022-04-29 07:06:09'),
(1904, 'aluno', 6, 1, '2022-04-29 07:11:09'),
(1905, 'aluno', 7, 1, '2022-04-29 07:12:09'),
(1906, 'aluno', 8, 1, '2022-04-29 07:08:09'),
(1907, 'aluno', 9, 1, '2022-04-29 07:01:09'),
(1908, 'aluno', 10, 1, '2022-04-29 12:14:09'),
(1909, 'aluno', 1, 2, '2022-04-29 12:00:09'),
(1910, 'aluno', 2, 2, '2022-04-29 12:10:09'),
(1911, 'aluno', 3, 2, '2022-04-29 12:03:09'),
(1912, 'aluno', 4, 2, '2022-04-29 12:05:09'),
(1913, 'aluno', 5, 2, '2022-04-29 13:06:09'),
(1914, 'aluno', 6, 2, '2022-04-29 13:11:09'),
(1915, 'aluno', 7, 2, '2022-04-29 12:12:09'),
(1916, 'aluno', 8, 2, '2022-04-29 12:08:09'),
(1917, 'aluno', 9, 2, '2022-04-29 13:01:09'),
(1918, 'aluno', 10, 2, '2022-04-29 13:14:09'),
(1919, 'aluno', 1, 1, '2022-05-01 07:00:09'),
(1920, 'aluno', 2, 1, '2022-05-01 07:10:09'),
(1921, 'aluno', 3, 1, '2022-05-01 07:03:09'),
(1922, 'aluno', 4, 1, '2022-05-01 07:05:09'),
(1923, 'aluno', 5, 1, '2022-05-01 07:06:09'),
(1924, 'aluno', 6, 1, '2022-05-01 07:11:09'),
(1925, 'aluno', 7, 1, '2022-05-01 07:12:09'),
(1926, 'aluno', 8, 1, '2022-05-01 07:08:09'),
(1927, 'aluno', 9, 1, '2022-05-01 07:01:09'),
(1928, 'aluno', 10, 1, '2022-05-01 12:14:09'),
(1929, 'aluno', 1, 2, '2022-05-01 12:00:09'),
(1930, 'aluno', 2, 2, '2022-05-01 12:10:09'),
(1931, 'aluno', 3, 2, '2022-05-01 12:03:09'),
(1932, 'aluno', 4, 2, '2022-05-01 12:05:09'),
(1933, 'aluno', 5, 2, '2022-05-01 13:06:09'),
(1934, 'aluno', 6, 2, '2022-05-01 13:11:09'),
(1935, 'aluno', 7, 2, '2022-05-01 12:12:09'),
(1936, 'aluno', 8, 2, '2022-05-01 12:08:09'),
(1937, 'aluno', 9, 2, '2022-05-01 13:01:09'),
(1938, 'aluno', 10, 2, '2022-05-01 13:14:09'),
(1939, 'aluno', 1, 1, '2022-05-02 07:00:09'),
(1940, 'aluno', 2, 1, '2022-05-02 07:10:09'),
(1941, 'aluno', 3, 1, '2022-05-02 07:03:09'),
(1942, 'aluno', 4, 1, '2022-05-02 07:05:09'),
(1943, 'aluno', 5, 1, '2022-05-02 07:06:09'),
(1944, 'aluno', 6, 1, '2022-05-02 07:11:09'),
(1945, 'aluno', 7, 1, '2022-05-02 07:12:09'),
(1946, 'aluno', 8, 1, '2022-05-02 07:08:09'),
(1947, 'aluno', 9, 1, '2022-05-02 07:01:09'),
(1948, 'aluno', 10, 1, '2022-05-02 12:14:09'),
(1949, 'aluno', 1, 2, '2022-05-02 12:00:09'),
(1950, 'aluno', 2, 2, '2022-05-02 12:10:09'),
(1951, 'aluno', 3, 2, '2022-05-02 12:03:09'),
(1952, 'aluno', 4, 2, '2022-05-02 12:05:09'),
(1953, 'aluno', 5, 2, '2022-05-02 13:06:09'),
(1954, 'aluno', 6, 2, '2022-05-02 13:11:09'),
(1955, 'aluno', 7, 2, '2022-05-02 12:12:09'),
(1956, 'aluno', 8, 2, '2022-05-02 12:08:09'),
(1957, 'aluno', 9, 2, '2022-05-02 13:01:09'),
(1958, 'aluno', 10, 2, '2022-05-02 13:14:09'),
(1959, 'aluno', 1, 1, '2022-05-03 07:00:09'),
(1960, 'aluno', 2, 1, '2022-05-03 07:10:09'),
(1961, 'aluno', 3, 1, '2022-05-03 07:03:09'),
(1962, 'aluno', 4, 1, '2022-05-03 07:05:09'),
(1963, 'aluno', 5, 1, '2022-05-03 07:06:09'),
(1964, 'aluno', 6, 1, '2022-05-03 07:11:09'),
(1965, 'aluno', 7, 1, '2022-05-03 07:12:09'),
(1966, 'aluno', 8, 1, '2022-05-03 07:08:09'),
(1967, 'aluno', 9, 1, '2022-05-03 07:01:09'),
(1968, 'aluno', 10, 1, '2022-05-03 12:14:09'),
(1969, 'aluno', 1, 2, '2022-05-03 12:00:09'),
(1970, 'aluno', 2, 2, '2022-05-03 12:10:09'),
(1971, 'aluno', 3, 2, '2022-05-03 12:03:09'),
(1972, 'aluno', 4, 2, '2022-05-03 12:05:09'),
(1973, 'aluno', 5, 2, '2022-05-03 13:06:09'),
(1974, 'aluno', 6, 2, '2022-05-03 13:11:09'),
(1975, 'aluno', 7, 2, '2022-05-03 12:12:09'),
(1976, 'aluno', 8, 2, '2022-05-03 12:08:09'),
(1977, 'aluno', 9, 2, '2022-05-03 13:01:09'),
(1978, 'aluno', 10, 2, '2022-05-03 13:14:09'),
(1979, 'aluno', 1, 1, '2022-05-04 07:00:09'),
(1980, 'aluno', 2, 1, '2022-05-04 07:10:09'),
(1981, 'aluno', 3, 1, '2022-05-04 07:03:09'),
(1982, 'aluno', 4, 1, '2022-05-04 07:05:09'),
(1983, 'aluno', 5, 1, '2022-05-04 07:06:09'),
(1984, 'aluno', 6, 1, '2022-05-04 07:11:09'),
(1985, 'aluno', 7, 1, '2022-05-04 07:12:09'),
(1986, 'aluno', 8, 1, '2022-05-04 07:08:09'),
(1987, 'aluno', 9, 1, '2022-05-04 07:01:09'),
(1988, 'aluno', 10, 1, '2022-05-04 12:14:09'),
(1989, 'aluno', 1, 2, '2022-05-04 12:00:09'),
(1990, 'aluno', 2, 2, '2022-05-04 12:10:09'),
(1991, 'aluno', 3, 2, '2022-05-04 12:03:09'),
(1992, 'aluno', 4, 2, '2022-05-04 12:05:09'),
(1993, 'aluno', 5, 2, '2022-05-04 13:06:09'),
(1994, 'aluno', 6, 2, '2022-05-04 13:11:09'),
(1995, 'aluno', 7, 2, '2022-05-04 12:12:09'),
(1996, 'aluno', 8, 2, '2022-05-04 12:08:09'),
(1997, 'aluno', 9, 2, '2022-05-04 13:01:09'),
(1998, 'aluno', 10, 2, '2022-05-04 13:14:09'),
(1999, 'aluno', 1, 1, '2022-05-05 07:00:09'),
(2000, 'aluno', 2, 1, '2022-05-05 07:10:09'),
(2001, 'aluno', 3, 1, '2022-05-05 07:03:09'),
(2002, 'aluno', 4, 1, '2022-05-05 07:05:09'),
(2003, 'aluno', 5, 1, '2022-05-05 07:06:09'),
(2004, 'aluno', 6, 1, '2022-05-05 07:11:09'),
(2005, 'aluno', 7, 1, '2022-05-05 07:12:09'),
(2006, 'aluno', 8, 1, '2022-05-05 07:08:09'),
(2007, 'aluno', 9, 1, '2022-05-05 07:01:09'),
(2008, 'aluno', 10, 1, '2022-05-05 12:14:09'),
(2009, 'aluno', 1, 2, '2022-05-05 12:00:09'),
(2010, 'aluno', 2, 2, '2022-05-05 12:10:09'),
(2011, 'aluno', 3, 2, '2022-05-05 12:03:09'),
(2012, 'aluno', 4, 2, '2022-05-05 12:05:09'),
(2013, 'aluno', 5, 2, '2022-05-05 13:06:09'),
(2014, 'aluno', 6, 2, '2022-05-05 13:11:09'),
(2015, 'aluno', 7, 2, '2022-05-05 12:12:09'),
(2016, 'aluno', 8, 2, '2022-05-05 12:08:09'),
(2017, 'aluno', 9, 2, '2022-05-05 13:01:09'),
(2018, 'aluno', 10, 2, '2022-05-05 13:14:09'),
(2019, 'aluno', 1, 1, '2022-05-06 07:00:09'),
(2020, 'aluno', 2, 1, '2022-05-06 07:10:09'),
(2021, 'aluno', 3, 1, '2022-05-06 07:03:09'),
(2022, 'aluno', 4, 1, '2022-05-06 07:05:09'),
(2023, 'aluno', 5, 1, '2022-05-06 07:06:09'),
(2024, 'aluno', 6, 1, '2022-05-06 07:11:09'),
(2025, 'aluno', 7, 1, '2022-05-06 07:12:09'),
(2026, 'aluno', 8, 1, '2022-05-06 07:08:09'),
(2027, 'aluno', 9, 1, '2022-05-06 07:01:09'),
(2028, 'aluno', 10, 1, '2022-05-06 12:14:09'),
(2029, 'aluno', 1, 2, '2022-05-06 12:00:09'),
(2030, 'aluno', 2, 2, '2022-05-06 12:10:09'),
(2031, 'aluno', 3, 2, '2022-05-06 12:03:09'),
(2032, 'aluno', 4, 2, '2022-05-06 12:05:09'),
(2033, 'aluno', 5, 2, '2022-05-06 13:06:09'),
(2034, 'aluno', 6, 2, '2022-05-06 13:11:09'),
(2035, 'aluno', 7, 2, '2022-05-06 12:12:09'),
(2036, 'aluno', 8, 2, '2022-05-06 12:08:09'),
(2037, 'aluno', 9, 2, '2022-05-06 13:01:09'),
(2038, 'aluno', 10, 2, '2022-05-06 13:14:09'),
(2039, 'aluno', 1, 1, '2022-05-07 07:00:09'),
(2040, 'aluno', 2, 1, '2022-05-07 07:10:09'),
(2041, 'aluno', 3, 1, '2022-05-07 07:03:09'),
(2042, 'aluno', 4, 1, '2022-05-07 07:05:09'),
(2043, 'aluno', 5, 1, '2022-05-07 07:06:09'),
(2044, 'aluno', 6, 1, '2022-05-07 07:11:09'),
(2045, 'aluno', 7, 1, '2022-05-07 07:12:09'),
(2046, 'aluno', 8, 1, '2022-05-07 07:08:09'),
(2047, 'aluno', 9, 1, '2022-05-07 07:01:09'),
(2048, 'aluno', 10, 1, '2022-05-07 12:14:09'),
(2049, 'aluno', 1, 2, '2022-05-07 12:00:09'),
(2050, 'aluno', 2, 2, '2022-05-07 12:10:09'),
(2051, 'aluno', 3, 2, '2022-05-07 12:03:09'),
(2052, 'aluno', 4, 2, '2022-05-07 12:05:09'),
(2053, 'aluno', 5, 2, '2022-05-07 13:06:09'),
(2054, 'aluno', 6, 2, '2022-05-07 13:11:09'),
(2055, 'aluno', 7, 2, '2022-05-07 12:12:09'),
(2056, 'aluno', 8, 2, '2022-05-07 12:08:09'),
(2057, 'aluno', 9, 2, '2022-05-07 13:01:09'),
(2058, 'aluno', 10, 2, '2022-05-07 13:14:09'),
(2059, 'aluno', 1, 1, '2022-05-09 07:00:09'),
(2060, 'aluno', 2, 1, '2022-05-09 07:10:09'),
(2061, 'aluno', 3, 1, '2022-05-09 07:03:09'),
(2062, 'aluno', 4, 1, '2022-05-09 07:05:09'),
(2063, 'aluno', 5, 1, '2022-05-09 07:06:09'),
(2064, 'aluno', 6, 1, '2022-05-09 07:11:09'),
(2065, 'aluno', 7, 1, '2022-05-09 07:12:09'),
(2066, 'aluno', 8, 1, '2022-05-09 07:08:09'),
(2067, 'aluno', 9, 1, '2022-05-09 07:01:09'),
(2068, 'aluno', 10, 1, '2022-05-09 12:14:09'),
(2069, 'aluno', 1, 2, '2022-05-09 12:00:09'),
(2070, 'aluno', 2, 2, '2022-05-09 12:10:09'),
(2071, 'aluno', 3, 2, '2022-05-09 12:03:09'),
(2072, 'aluno', 4, 2, '2022-05-09 12:05:09'),
(2073, 'aluno', 5, 2, '2022-05-09 13:06:09'),
(2074, 'aluno', 6, 2, '2022-05-09 13:11:09'),
(2075, 'aluno', 7, 2, '2022-05-09 12:12:09'),
(2076, 'aluno', 8, 2, '2022-05-09 12:08:09'),
(2077, 'aluno', 9, 2, '2022-05-09 13:01:09'),
(2078, 'aluno', 10, 2, '2022-05-09 13:14:09'),
(2079, 'aluno', 1, 1, '2022-05-10 07:00:09'),
(2080, 'aluno', 2, 1, '2022-05-10 07:10:09'),
(2081, 'aluno', 3, 1, '2022-05-10 07:03:09'),
(2082, 'aluno', 4, 1, '2022-05-10 07:05:09'),
(2083, 'aluno', 5, 1, '2022-05-10 07:06:09'),
(2084, 'aluno', 6, 1, '2022-05-10 07:11:09'),
(2085, 'aluno', 7, 1, '2022-05-10 07:12:09'),
(2086, 'aluno', 8, 1, '2022-05-10 07:08:09'),
(2087, 'aluno', 9, 1, '2022-05-10 07:01:09'),
(2088, 'aluno', 10, 1, '2022-05-10 12:14:09'),
(2089, 'aluno', 1, 2, '2022-05-10 12:00:09'),
(2090, 'aluno', 2, 2, '2022-05-10 12:10:09'),
(2091, 'aluno', 3, 2, '2022-05-10 12:03:09'),
(2092, 'aluno', 4, 2, '2022-05-10 12:05:09'),
(2093, 'aluno', 5, 2, '2022-05-10 13:06:09'),
(2094, 'aluno', 6, 2, '2022-05-10 13:11:09'),
(2095, 'aluno', 7, 2, '2022-05-10 12:12:09'),
(2096, 'aluno', 8, 2, '2022-05-10 12:08:09'),
(2097, 'aluno', 9, 2, '2022-05-10 13:01:09'),
(2098, 'aluno', 10, 2, '2022-05-10 13:14:09'),
(2099, 'aluno', 1, 1, '2022-05-11 07:00:09'),
(2100, 'aluno', 2, 1, '2022-05-11 07:10:09'),
(2101, 'aluno', 3, 1, '2022-05-11 07:03:09'),
(2102, 'aluno', 4, 1, '2022-05-11 07:05:09'),
(2103, 'aluno', 5, 1, '2022-05-11 07:06:09'),
(2104, 'aluno', 6, 1, '2022-05-11 07:11:09'),
(2105, 'aluno', 7, 1, '2022-05-11 07:12:09'),
(2106, 'aluno', 8, 1, '2022-05-11 07:08:09'),
(2107, 'aluno', 9, 1, '2022-05-11 07:01:09'),
(2108, 'aluno', 10, 1, '2022-05-11 12:14:09'),
(2109, 'aluno', 1, 2, '2022-05-11 12:00:09'),
(2110, 'aluno', 2, 2, '2022-05-11 12:10:09'),
(2111, 'aluno', 3, 2, '2022-05-11 12:03:09'),
(2112, 'aluno', 4, 2, '2022-05-11 12:05:09'),
(2113, 'aluno', 5, 2, '2022-05-11 13:06:09'),
(2114, 'aluno', 6, 2, '2022-05-11 13:11:09'),
(2115, 'aluno', 7, 2, '2022-05-11 12:12:09'),
(2116, 'aluno', 8, 2, '2022-05-11 12:08:09'),
(2117, 'aluno', 9, 2, '2022-05-11 13:01:09'),
(2118, 'aluno', 10, 2, '2022-05-11 13:14:09'),
(2119, 'aluno', 1, 1, '2022-05-12 07:00:09'),
(2120, 'aluno', 2, 1, '2022-05-12 07:10:09'),
(2121, 'aluno', 3, 1, '2022-05-12 07:03:09'),
(2122, 'aluno', 4, 1, '2022-05-12 07:05:09'),
(2123, 'aluno', 5, 1, '2022-05-12 07:06:09'),
(2124, 'aluno', 6, 1, '2022-05-12 07:11:09'),
(2125, 'aluno', 7, 1, '2022-05-12 07:12:09'),
(2126, 'aluno', 8, 1, '2022-05-12 07:08:09'),
(2127, 'aluno', 9, 1, '2022-05-12 07:01:09'),
(2128, 'aluno', 10, 1, '2022-05-12 12:14:09'),
(2129, 'aluno', 1, 2, '2022-05-12 12:00:09'),
(2130, 'aluno', 2, 2, '2022-05-12 12:10:09'),
(2131, 'aluno', 3, 2, '2022-05-12 12:03:09'),
(2132, 'aluno', 4, 2, '2022-05-12 12:05:09'),
(2133, 'aluno', 5, 2, '2022-05-12 13:06:09'),
(2134, 'aluno', 6, 2, '2022-05-12 13:11:09'),
(2135, 'aluno', 7, 2, '2022-05-12 12:12:09'),
(2136, 'aluno', 8, 2, '2022-05-12 12:08:09'),
(2137, 'aluno', 9, 2, '2022-05-12 13:01:09'),
(2138, 'aluno', 10, 2, '2022-05-12 13:14:09'),
(2139, 'aluno', 1, 1, '2022-05-13 07:00:09'),
(2140, 'aluno', 2, 1, '2022-05-13 07:10:09'),
(2141, 'aluno', 3, 1, '2022-05-13 07:03:09'),
(2142, 'aluno', 4, 1, '2022-05-13 07:05:09'),
(2143, 'aluno', 5, 1, '2022-05-13 07:06:09'),
(2144, 'aluno', 6, 1, '2022-05-13 07:11:09'),
(2145, 'aluno', 7, 1, '2022-05-13 07:12:09'),
(2146, 'aluno', 8, 1, '2022-05-13 07:08:09'),
(2147, 'aluno', 9, 1, '2022-05-13 07:01:09'),
(2148, 'aluno', 10, 1, '2022-05-13 12:14:09'),
(2149, 'aluno', 1, 2, '2022-05-13 12:00:09'),
(2150, 'aluno', 2, 2, '2022-05-13 12:10:09'),
(2151, 'aluno', 3, 2, '2022-05-13 12:03:09'),
(2152, 'aluno', 4, 2, '2022-05-13 12:05:09'),
(2153, 'aluno', 5, 2, '2022-05-13 13:06:09'),
(2154, 'aluno', 6, 2, '2022-05-13 13:11:09'),
(2155, 'aluno', 7, 2, '2022-05-13 12:12:09'),
(2156, 'aluno', 8, 2, '2022-05-13 12:08:09'),
(2157, 'aluno', 9, 2, '2022-05-13 13:01:09'),
(2158, 'aluno', 10, 2, '2022-05-13 13:14:09'),
(2159, 'aluno', 1, 1, '2022-05-16 07:00:09'),
(2160, 'aluno', 2, 1, '2022-05-16 07:10:09'),
(2161, 'aluno', 3, 1, '2022-05-16 07:03:09'),
(2162, 'aluno', 4, 1, '2022-05-16 07:05:09'),
(2163, 'aluno', 5, 1, '2022-05-16 07:06:09'),
(2164, 'aluno', 6, 1, '2022-05-16 07:11:09'),
(2165, 'aluno', 7, 1, '2022-05-16 07:12:09'),
(2166, 'aluno', 8, 1, '2022-05-16 07:08:09'),
(2167, 'aluno', 9, 1, '2022-05-16 07:01:09'),
(2168, 'aluno', 10, 1, '2022-05-16 12:14:09'),
(2169, 'aluno', 1, 2, '2022-05-16 12:00:09'),
(2170, 'aluno', 2, 2, '2022-05-16 12:10:09'),
(2171, 'aluno', 3, 2, '2022-05-16 12:03:09'),
(2172, 'aluno', 4, 2, '2022-05-16 12:05:09'),
(2173, 'aluno', 5, 2, '2022-05-16 13:06:09'),
(2174, 'aluno', 6, 2, '2022-05-16 13:11:09'),
(2175, 'aluno', 7, 2, '2022-05-16 12:12:09'),
(2176, 'aluno', 8, 2, '2022-05-16 12:08:09'),
(2177, 'aluno', 9, 2, '2022-05-16 13:01:09'),
(2178, 'aluno', 10, 2, '2022-05-16 13:14:09'),
(2179, 'aluno', 1, 1, '2022-05-17 07:00:09'),
(2180, 'aluno', 2, 1, '2022-05-17 07:10:09'),
(2181, 'aluno', 3, 1, '2022-05-17 07:03:09'),
(2182, 'aluno', 4, 1, '2022-05-17 07:05:09'),
(2183, 'aluno', 5, 1, '2022-05-17 07:06:09'),
(2184, 'aluno', 6, 1, '2022-05-17 07:11:09'),
(2185, 'aluno', 7, 1, '2022-05-17 07:12:09'),
(2186, 'aluno', 8, 1, '2022-05-17 07:08:09'),
(2187, 'aluno', 9, 1, '2022-05-17 07:01:09'),
(2188, 'aluno', 10, 1, '2022-05-17 12:14:09'),
(2189, 'aluno', 1, 2, '2022-05-17 12:00:09'),
(2190, 'aluno', 2, 2, '2022-05-17 12:10:09'),
(2191, 'aluno', 3, 2, '2022-05-17 12:03:09'),
(2192, 'aluno', 4, 2, '2022-05-17 12:05:09'),
(2193, 'aluno', 5, 2, '2022-05-17 13:06:09'),
(2194, 'aluno', 6, 2, '2022-05-17 13:11:09'),
(2195, 'aluno', 7, 2, '2022-05-17 12:12:09'),
(2196, 'aluno', 8, 2, '2022-05-17 12:08:09'),
(2197, 'aluno', 9, 2, '2022-05-17 13:01:09'),
(2198, 'aluno', 10, 2, '2022-05-17 13:14:09'),
(2199, 'aluno', 1, 1, '2022-05-18 07:00:09'),
(2200, 'aluno', 2, 1, '2022-05-18 07:10:09'),
(2201, 'aluno', 3, 1, '2022-05-18 07:03:09'),
(2202, 'aluno', 4, 1, '2022-05-18 07:05:09'),
(2203, 'aluno', 5, 1, '2022-05-18 07:06:09'),
(2204, 'aluno', 6, 1, '2022-05-18 07:11:09'),
(2205, 'aluno', 7, 1, '2022-05-18 07:12:09'),
(2206, 'aluno', 8, 1, '2022-05-18 07:08:09'),
(2207, 'aluno', 9, 1, '2022-05-18 07:01:09'),
(2208, 'aluno', 10, 1, '2022-05-18 12:14:09'),
(2209, 'aluno', 1, 2, '2022-05-18 12:00:09'),
(2210, 'aluno', 2, 2, '2022-05-18 12:10:09'),
(2211, 'aluno', 3, 2, '2022-05-18 12:03:09'),
(2212, 'aluno', 4, 2, '2022-05-18 12:05:09'),
(2213, 'aluno', 5, 2, '2022-05-18 13:06:09'),
(2214, 'aluno', 6, 2, '2022-05-18 13:11:09'),
(2215, 'aluno', 7, 2, '2022-05-18 12:12:09'),
(2216, 'aluno', 8, 2, '2022-05-18 12:08:09'),
(2217, 'aluno', 9, 2, '2022-05-18 13:01:09'),
(2218, 'aluno', 10, 2, '2022-05-18 13:14:09');

-- --------------------------------------------------------

--
-- Estrutura da tabela `responsavel`
--

CREATE TABLE `responsavel` (
  `id` int(11) NOT NULL,
  `cpf` varchar(11) NOT NULL,
  `nome` varchar(60) NOT NULL,
  `sobrenome` varchar(60) NOT NULL,
  `email` varchar(200) NOT NULL,
  `senha` varchar(255) NOT NULL,
  `telefone` varchar(20) DEFAULT NULL,
  `aceita_email` int(11) NOT NULL DEFAULT 1,
  `token` varchar(64) NOT NULL,
  `confirmado` int(1) NOT NULL DEFAULT 0
) ENGINE=InnoDB DEFAULT CHARSET=utf8;

--
-- Extraindo dados da tabela `responsavel`
--

INSERT INTO `responsavel` (`id`, `cpf`, `nome`, `sobrenome`, `email`, `senha`, `telefone`, `aceita_email`, `token`, `confirmado`) VALUES
(101, '26120223762', 'Miguel', 'da Silva Neto', 'miguel.neto@resp.mycontrol.com.br', '25d55ad283aa400af464c76d713c07ad', '21972852325', 1, '123456', 1),
(102, '77940183745', 'Arthur', 'Costa Paiva', 'arthur.paiva@resp.mycontrol.com.br', '25d55ad283aa400af464c76d713c07ad', '21983147413', 1, '123456', 1),
(103, '27368419726', 'Gael', 'Lima Duarte', 'gael.duarte@resp.mycontrol.com.br', '25d55ad283aa400af464c76d713c07ad', '21985776782', 1, '123456', 1),
(104, '67828238703', 'Heitor', 'Paes Vieira', 'heitor.vieira@resp.mycontrol.com.br', '25d55ad283aa400af464c76d713c07ad', '21984890828', 1, '123456', 1),
(105, '44178749722', 'Theo', 'Bernardino Santos', 'theo.santos@resp.mycontrol.com.br', '25d55ad283aa400af464c76d713c07ad', '21996144643', 1, '123456', 1),
(106, '03302289782', 'Davi', 'Santana Gurgel', 'davi.gurgel@resp.mycontrol.com.br', '25d55ad283aa400af464c76d713c07ad', '21994249817', 1, '123456', 1),
(107, '97528051756', 'Gabriel', 'Amorim', 'gabriel.amorim@resp.mycontrol.com.br', '25d55ad283aa400af464c76d713c07ad', '21974017683', 1, '123456', 1),
(108, '93094873723', 'Bernardo', 'Oliveira Souza', 'bernardo.souza@resp.mycontrol.com.br', '25d55ad283aa400af464c76d713c07ad', '21985665635', 1, '123456', 1),
(109, '83374952780', 'Samuel', 'Rodrigues Alves', 'samuel.alves@resp.mycontrol.com.br', '25d55ad283aa400af464c76d713c07ad', '21994517428', 1, '123456', 1),
(110, '71937250768', 'Joo', 'Ferreira Jnior', 'joo.jnior@resp.mycontrol.com.br', '25d55ad283aa400af464c76d713c07ad', '21992101252', 1, '123456', 1),
(111, '75986733738', 'Helena', 'Alves Padock', 'helena.padock@resp.mycontrol.com.br', '25d55ad283aa400af464c76d713c07ad', '21985783898', 1, '123456', 1),
(112, '91477507744', 'Alice', 'Hendrinck Ribeiro', 'alice.ribeiro@resp.mycontrol.com.br', '25d55ad283aa400af464c76d713c07ad', '21984621556', 1, '123456', 1),
(113, '20668013729', 'Laura', 'Barbosa ', 'laura.barbosa@resp.mycontrol.com.br', '25d55ad283aa400af464c76d713c07ad', '21986104217', 1, '123456', 1),
(114, '68551306740', 'Maria Alice', 'Marins Luiz', 'maria alice.luiz@resp.mycontrol.com.br', '25d55ad283aa400af464c76d713c07ad', '21983887225', 1, '123456', 1),
(115, '52046236718', 'Valentina', 'Goulart Nogueira', 'valentina.nogueira@resp.mycontrol.com.br', '25d55ad283aa400af464c76d713c07ad', '21969198626', 1, '123456', 1),
(116, '65453273720', 'Helosa', 'Pereira Sampaio', 'helosa.sampaio@resp.mycontrol.com.br', '25d55ad283aa400af464c76d713c07ad', '21980739176', 1, '123456', 1),
(117, '88221490768', 'Maria Clara', 'Incio Farias', 'maria clara.farias@resp.mycontrol.com.br', '25d55ad283aa400af464c76d713c07ad', '21996503456', 1, '123456', 1),
(118, '95261710715', 'Maria Ceclia', 'Lopes', 'maria ceclia.lopes@resp.mycontrol.com.br', '25d55ad283aa400af464c76d713c07ad', '21987213835', 1, '123456', 1),
(119, '37808136700', 'Maria Julia', 'Soares', 'maria julia.soares@resp.mycontrol.com.br', '25d55ad283aa400af464c76d713c07ad', '21988433212', 1, '123456', 1),
(120, '88862141700', 'Sophia', 'Rocha Dias', 'sophia.dias@resp.mycontrol.com.br', '25d55ad283aa400af464c76d713c07ad', '21971352045', 1, '123456', 1);

-- --------------------------------------------------------

--
-- Estrutura da tabela `tipo_pessoa`
--

CREATE TABLE `tipo_pessoa` (
  `id` int(11) NOT NULL,
  `tipo_pessoa` varchar(50) NOT NULL
) ENGINE=InnoDB DEFAULT CHARSET=utf8;

--
-- Extraindo dados da tabela `tipo_pessoa`
--

INSERT INTO `tipo_pessoa` (`id`, `tipo_pessoa`) VALUES
(1, 'admin'),
(2, 'colaborador'),
(3, 'responsavel'),
(4, 'aluno');

-- --------------------------------------------------------

--
-- Estrutura da tabela `usuarios`
--

CREATE TABLE `usuarios` (
  `id` int(11) NOT NULL,
  `nome` varchar(200) NOT NULL,
  `usuario` varchar(200) NOT NULL,
  `senha` varchar(255) NOT NULL,
  `tipo` int(11) NOT NULL DEFAULT 2 COMMENT '1=Admin,2=Staff,3=Responsavel,4=aluno',
  `email` varchar(200) NOT NULL,
  `aceita_email` tinyint(1) NOT NULL
) ENGINE=InnoDB DEFAULT CHARSET=utf8;

--
-- Extraindo dados da tabela `usuarios`
--

INSERT INTO `usuarios` (`id`, `nome`, `usuario`, `senha`, `tipo`, `email`, `aceita_email`) VALUES
(1, 'Administrador', 'admin', '2db0996b2ef1d2008d45379f785233eb', 1, 'admin@mycontrol.com', 1),
(2, 'João Cunha Jr', 'portaria', '2db0996b2ef1d2008d45379f785233eb', 2, 'portaria@mycontrol.com', 1);

--
-- Índices para tabelas despejadas
--

--
-- Índices para tabela `alunos`
--
ALTER TABLE `alunos`
  ADD PRIMARY KEY (`id`);

--
-- Índices para tabela `alunoxresponsavel`
--
ALTER TABLE `alunoxresponsavel`
  ADD PRIMARY KEY (`id`),
  ADD KEY `fk_id_aluno` (`idaluno`),
  ADD KEY `fk_id_responsavel` (`idresponsavel`);

--
-- Índices para tabela `config_email`
--
ALTER TABLE `config_email`
  ADD PRIMARY KEY (`id`);

--
-- Índices para tabela `registros`
--
ALTER TABLE `registros`
  ADD PRIMARY KEY (`id`),
  ADD KEY `fk_id_alunos` (`idaluno`);

--
-- Índices para tabela `responsavel`
--
ALTER TABLE `responsavel`
  ADD PRIMARY KEY (`id`);

--
-- Índices para tabela `tipo_pessoa`
--
ALTER TABLE `tipo_pessoa`
  ADD PRIMARY KEY (`id`);

--
-- Índices para tabela `usuarios`
--
ALTER TABLE `usuarios`
  ADD PRIMARY KEY (`id`),
  ADD KEY `tipo` (`tipo`);

--
-- AUTO_INCREMENT de tabelas despejadas
--

--
-- AUTO_INCREMENT de tabela `alunos`
--
ALTER TABLE `alunos`
  MODIFY `id` int(11) NOT NULL AUTO_INCREMENT, AUTO_INCREMENT=28;

--
-- AUTO_INCREMENT de tabela `alunoxresponsavel`
--
ALTER TABLE `alunoxresponsavel`
  MODIFY `id` int(11) NOT NULL AUTO_INCREMENT, AUTO_INCREMENT=221;

--
-- AUTO_INCREMENT de tabela `config_email`
--
ALTER TABLE `config_email`
  MODIFY `id` int(11) NOT NULL AUTO_INCREMENT, AUTO_INCREMENT=2;

--
-- AUTO_INCREMENT de tabela `registros`
--
ALTER TABLE `registros`
  MODIFY `id` int(11) NOT NULL AUTO_INCREMENT, AUTO_INCREMENT=2219;

--
-- AUTO_INCREMENT de tabela `responsavel`
--
ALTER TABLE `responsavel`
  MODIFY `id` int(11) NOT NULL AUTO_INCREMENT, AUTO_INCREMENT=122;

--
-- AUTO_INCREMENT de tabela `tipo_pessoa`
--
ALTER TABLE `tipo_pessoa`
  MODIFY `id` int(11) NOT NULL AUTO_INCREMENT, AUTO_INCREMENT=5;

--
-- AUTO_INCREMENT de tabela `usuarios`
--
ALTER TABLE `usuarios`
  MODIFY `id` int(11) NOT NULL AUTO_INCREMENT, AUTO_INCREMENT=8;

--
-- Restrições para despejos de tabelas
--

--
-- Limitadores para a tabela `alunoxresponsavel`
--
ALTER TABLE `alunoxresponsavel`
  ADD CONSTRAINT `fk_id_aluno` FOREIGN KEY (`idaluno`) REFERENCES `alunos` (`id`),
  ADD CONSTRAINT `fk_id_responsavel` FOREIGN KEY (`idresponsavel`) REFERENCES `responsavel` (`id`);

--
-- Limitadores para a tabela `registros`
--
ALTER TABLE `registros`
  ADD CONSTRAINT `fk_id_alunos` FOREIGN KEY (`idaluno`) REFERENCES `alunos` (`id`);

--
-- Limitadores para a tabela `usuarios`
--
ALTER TABLE `usuarios`
  ADD CONSTRAINT `usuarios_ibfk_1` FOREIGN KEY (`tipo`) REFERENCES `tipo_pessoa` (`id`);
COMMIT;

/*!40101 SET CHARACTER_SET_CLIENT=@OLD_CHARACTER_SET_CLIENT */;
/*!40101 SET CHARACTER_SET_RESULTS=@OLD_CHARACTER_SET_RESULTS */;
/*!40101 SET COLLATION_CONNECTION=@OLD_COLLATION_CONNECTION */;
